"#","Player","Pos","Team","1","2","3","4","5","6","7","8","9","10","11","12","13","14","15","16","17","18","AVG","TTL"
"1","Josh Allen","QB","BUF","12","23.7","22.3","36.5","28.8","14.9","25.3","","","","","","","","","","","","23.3","163.4"
"2","Jalen Hurts","QB","PHI","12.5","26.2","21.9","24.2","28.3","22.9","24.3","","","","","","","","","","","","22.9","160.2"
"3","Tyreek Hill","WR","MIA","39","12.5","26.2","8.7","28.1","25.3","20.3","","","","","","","","","","","","22.9","160.1"
"4","Christian McCaffrey","RB","SF","24.4","21","20.4","45.2","12.8","12.7","21.1","","","","","","","","","","","","22.5","157.6"
"5","Patrick Mahomes II","QB","KC","20.5","22.2","25.7","15.2","19.2","18.3","34.9","","","","","","","","","","","","22.3","156.1"
"6","Lamar Jackson","QB","BAL","7.6","22.9","28.2","28.1","10.9","18.1","33.9","","","","","","","","","","","","21.4","149.7"
"7","Tua Tagovailoa","QB","MIA","28.1","13.3","28.4","15","18.9","22.5","11.3","","","","","","","","","","","","19.6","137.5"
"8","Raheem Mostert","RB","MIA","12","25.2","41.7","4","14.8","32.7","5.6","","","","","","","","","","","","19.4","136"
"9","Kirk Cousins","QB","MIN","17.5","28.6","26.7","11.6","19.9","8.7","22","","","","","","","","","","","","19.3","134.9"
"10","Jared Goff","QB","DET","14","23.9","19","12.4","27.4","22.4","10.2","","","","","","","","","","","","18.5","129.4"
"11","Stefon Diggs","WR","BUF","21.2","10.1","15.1","33","20.1","15","14.8","","","","","","","","","","","","18.5","129.3"
"12","Justin Herbert","QB","LAC","20.9","22.2","29.3","24.4","BYE","19.6","12.9","","","","","","","","","","","","21.5","129.2"
"13","Travis Etienne Jr.","RB","JAC","18.9","5.2","15.8","8.7","34.4","21.8","21.2","","","","","","","","","","","","18","126"
"14","A.J. Brown","WR","PHI","11.4","4.9","17.6","34","15.7","16.6","24.7","","","","","","","","","","","","17.8","124.9"
"15","Brock Purdy","QB","SF","16.8","14.7","20.3","21.3","26.1","8.7","14.8","","","","","","","","","","","","17.5","122.7"
"16","Russell Wilson","QB","DEN","15.2","26.9","15.2","22.2","18.7","8.9","13.9","","","","","","","","","","","","17.3","121.1"
"17","Sam Howell","QB","WAS","16.2","21.3","4.6","19.6","26.4","18.3","10.5","","","","","","","","","","","","16.7","116.9"
"18","Puka Nacua","WR","LAR","16.9","22.6","9.7","26.8","16.6","4.6","19.4","","","","","","","","","","","","16.7","116.6"
"19","DJ Moore","WR","CHI","3.5","13.4","11.6","23.1","45","7.6","9.4","","","","","","","","","","","","16.2","113.6"
"20","Jordan Love","QB","GB","23","20.3","25.3","19.6","8","BYE","16.3","","","","","","","","","","","","18.8","112.5"
"21","Justin Fields","QB","CHI","15.5","16.7","11.7","28.9","33","5.9","-","","","","","","","","","","","","18.6","111.7"
"22","Keenan Allen","WR","LAC","11.2","27.1","36.5","10.7","BYE","18","7.5","","","","","","","","","","","","18.5","111"
"23","Trevor Lawrence","QB","JAC","18.7","9.2","15.4","16.5","15.7","15.7","18.1","","","","","","","","","","","","15.6","109.3"
"24","Matthew Stafford","QB","LAR","14.5","16","13.5","17.2","16.9","13.2","15","","","","","","","","","","","","15.2","106.2"
"25","Joshua Dobbs","QB","ARI","1","25.2","17.1","23.4","10.7","11.1","16.1","","","","","","","","","","","","14.9","104.6"
"25","Kyren Williams","RB","LAR","17.4","25","7.5","26.2","6.7","21.8","-","","","","","","","","","","","","17.4","104.6"
"27","Desmond Ridder","QB","ATL","8.4","22.4","6.3","8.2","26.2","19.1","13.8","","","","","","","","","","","","14.9","104.4"
"28","C.J. Stroud","QB","HOU","10.2","21.5","20.6","21.8","14.2","15.2","BYE","","","","","","","","","","","","17.2","103.4"
"29","Zack Moss","RB","IND","-","18.7","21.5","9","32.5","14.9","6.7","","","","","","","","","","","","17.2","103.3"
"30","Adam Thielen","WR","CAR","2.2","16.9","26","11.7","22.2","23","BYE","","","","","","","","","","","","17","102"
"31","Travis Kelce","TE","KC","-","10.6","16.4","9","17.7","16.9","29.9","","","","","","","","","","","","16.8","100.5"
"32","Ja'Marr Chase","WR","CIN","6.6","5.6","20.1","10.8","44.7","11","BYE","","","","","","","","","","","","16.5","98.8"
"33","Kenneth Walker III","RB","SEA","8.7","17.9","29.1","13.9","BYE","16.4","12.1","","","","","","","","","","","","16.4","98.1"
"34","Amon-Ra St. Brown","WR","DET","16.1","11.2","15.1","14.1","-","24.4","16.7","","","","","","","","","","","","16.3","97.6"
"35","De'Von Achane","RB","MIA","-","1.4","49.3","25.5","21","-","-","","","","","","","","","","","","24.3","97.2"
"36","Baker Mayfield","QB","TB","16","18.4","11","23.9","BYE","7.8","17.2","","","","","","","","","","","","15.7","94.4"
"37","Davante Adams","WR","LV","9.6","17.4","35.7","11.5","6.5","3.9","9.2","","","","","","","","","","","","13.4","93.8"
"38","D'Andre Swift","RB","PHI","0.8","25.6","14.3","15.9","13.8","13.8","9","","","","","","","","","","","","13.3","93.2"
"39","Isiah Pacheco","RB","KC","7.4","7.5","14.8","23.3","12.9","12.8","14","","","","","","","","","","","","13.2","92.7"
"40","Justin Jefferson","WR","MIN","19.5","19.4","24.4","23.5","4.3","-","-","","","","","","","","","","","","18.2","91.1"
"41","Jordan Addison","WR","MIN","14.1","14.7","8.2","0","15.4","10.3","27.8","","","","","","","","","","","","12.9","90.5"
"42","Dak Prescott","QB","DAL","6.3","19.6","15.4","14.3","7.3","24.9","BYE","","","","","","","","","","","","14.6","87.8"
"43","Brian Robinson Jr.","RB","WAS","13.1","27.9","7","12.1","6.3","12.6","8.3","","","","","","","","","","","","12.5","87.3"
"44","Nico Collins","WR","HOU","11","24.1","4.4","32.3","5.4","10","BYE","","","","","","","","","","","","14.5","87.2"
"45","Jakobi Meyers","WR","LV","24.6","-","12","4.3","17","14.6","14.5","","","","","","","","","","","","14.5","87"
"46","Derek Carr","QB","NO","15.6","7.7","8.1","3.2","15.7","17.3","18.4","","","","","","","","","","","","12.3","86.1"
"47","Mike Evans","WR","TB","15.6","26.1","14.5","5.5","BYE","6.9","17.2","","","","","","","","","","","","14.3","85.8"
"48","Geno Smith","QB","SEA","9.1","23.1","16.4","8.7","BYE","13","14.8","","","","","","","","","","","","14.2","85.1"
"49","Michael Pittman Jr.","WR","IND","19.7","9.6","12.2","4","7.7","15.4","15.3","","","","","","","","","","","","12","83.9"
"50","Christian Kirk","WR","JAC","1.4","16.5","13.4","12.4","11.4","12.4","16","","","","","","","","","","","","11.9","83.5"
"51","Mac Jones","QB","NE","25.1","14.7","13.3","2.7","0.4","6.9","20","","","","","","","","","","","","11.9","83.2"
"52","Dallas Cowboys","DST","DAL","37","15","1","27","-1","4","BYE","","","","","","","","","","","","13.8","83"
"53","Bijan Robinson","RB","ATL","17.3","19.2","8","16.2","10.8","10.5","0.3","","","","","","","","","","","","11.8","82.3"
"54","David Montgomery","RB","DET","13.4","11.9","-","33.1","19.9","3.8","-","","","","","","","","","","","","16.4","82.1"
"55","Derrick Henry","RB","TEN","12.9","17","2","23.9","7.7","18.3","BYE","","","","","","","","","","","","13.6","81.8"
"56","Josh Jacobs","RB","LV","8.1","7.4","9.5","23.9","17.4","10.3","4.6","","","","","","","","","","","","11.6","81.2"
"57","James Cook","RB","BUF","8.3","17.9","12.2","14.2","3.6","7.1","17.7","","","","","","","","","","","","11.6","81"
"58","Mark Andrews","TE","BAL","-","13","5.5","22.5","9.5","8.9","20.3","","","","","","","","","","","","13.3","79.7"
"59","Tony Pollard","RB","DAL","21.2","16.4","13.6","7.5","6.4","14","BYE","","","","","","","","","","","","13.2","79.1"
"60","Jake Elliott","K","PHI","18","12","11","18","11","2","7","","","","","","","","","","","","11.3","79"
"61","Brandon Aiyuk","WR","SF","28.9","5.8","-","17.8","7.8","9.6","8.2","","","","","","","","","","","","13","78.1"
"62","George Pickens","WR","PIT","6.1","20.7","9.5","4","23.6","BYE","13.2","","","","","","","","","","","","12.9","77.1"
"63","Dustin Hopkins","K","CLE","12","9","12","5","BYE","17","22","","","","","","","","","","","","12.8","77"
"64","Courtland Sutton","WR","DEN","11.2","9.1","15.1","10.2","1.8","12.6","16.6","","","","","","","","","","","","10.9","76.6"
"65","Brett Maher","K","FA","15","13","11","16","2","15","4","","","","","","","","","","","","10.9","76"
"66","Jerome Ford","RB","CLE","1.6","22.6","18.1","7","BYE","10.1","16.4","","","","","","","","","","","","12.6","75.8"
"67","Marquise Brown","WR","ARI","7.2","14.4","14.6","13.1","14.1","5.4","6.4","","","","","","","","","","","","10.7","75.2"
"68","Buffalo Bills","DST","BUF","5","10","32","9","9","7","2","","","","","","","","","","","","10.6","74"
"69","Anthony Richardson","QB","IND","21.9","17.7","-","29.6","4.4","-","-","","","","","","","","","","","","18.4","73.7"
"70","Kenny Pickett","QB","PIT","11.7","11.3","18.5","4.5","12.4","BYE","15.2","","","","","","","","","","","","12.2","73.5"
"71","Sam LaPorta","TE","DET","6.4","8.8","18.4","7.6","18.2","5.6","8.2","","","","","","","","","","","","10.5","73.2"
"72","Chris Olave","WR","NO","15.2","11.6","14.4","0.9","8.2","13.1","9.2","","","","","","","","","","","","10.4","72.6"
"72","CeeDee Lamb","WR","DAL","9.7","19.8","8.2","12.8","6.9","15.2","BYE","","","","","","","","","","","","12.1","72.6"
"72","Joe Burrow","QB","CIN","3.2","16.4","9.2","4.7","24.4","14.8","BYE","","","","","","","","","","","","12.1","72.6"
"75","T.J. Hockenson","TE","MIN","7.5","22.1","9.8","3.4","7.6","8","14.1","","","","","","","","","","","","10.4","72.5"
"76","Breece Hall","RB","NYJ","15.2","0.9","3.2","8.4","26.9","17.8","BYE","","","","","","","","","","","","12.1","72.4"
"77","Gardner Minshew II","QB","IND","0","11.1","13.1","-","6.3","12.6","28.1","","","","","","","","","","","","11.9","71.2"
"78","Zay Flowers","WR","BAL","13.2","8.8","9","6.5","9.8","14.1","9.5","","","","","","","","","","","","10.1","70.9"
"79","Kendrick Bourne","WR","NE","21.4","4.9","6.6","4.6","5.3","14.3","13.3","","","","","","","","","","","","10.1","70.4"
"80","Harrison Butker","K","KC","8","5","12","11","10","17","7","","","","","","","","","","","","10","70"
"81","Alvin Kamara","RB","NO","-","-","-","14.9","17.2","13.9","23.3","","","","","","","","","","","","17.3","69.3"
"82","Baltimore Ravens","DST","BAL","11","3","7","17","6","11","14","","","","","","","","","","","","9.9","69"
"82","Blake Grupe","K","NO","12","8","5","10","14","9","11","","","","","","","","","","","","9.9","69"
"84","Josh Downs","WR","IND","4.5","5.7","9.7","4.4","12.7","10.6","21","","","","","","","","","","","","9.8","68.6"
"85","Brandon McManus","K","JAC","8","10","5","14","6","17","8","","","","","","","","","","","","9.7","68"
"86","Jimmy Garoppolo","QB","LV","16.1","9.5","20.7","-","11.7","9.9","-","","","","","","","","","","","","13.6","67.9"
"87","Terry McLaurin","WR","WAS","4.1","13.9","7.1","12.6","6.9","11.1","12","","","","","","","","","","","","9.7","67.7"
"88","Tutu Atwell","WR","LAR","14.9","11.7","15.2","4.9","7.9","3.5","9.6","","","","","","","","","","","","9.7","67.7"
"89","Gabe Davis","WR","BUF","4.2","18.2","9.8","13.6","19","1.6","1.1","","","","","","","","","","","","9.6","67.5"
"90","Drake London","WR","ATL","0","15.7","4.1","10.3","11.7","17","8.4","","","","","","","","","","","","9.6","67.2"
"91","Zach Wilson","QB","NYJ","9.2","11.4","6.4","19.2","9.6","10.9","BYE","","","","","","","","","","","","11.1","66.7"
"92","Alexander Mattison","RB","MIN","11.9","3.4","15","10.3","11.6","9.2","5.2","","","","","","","","","","","","9.5","66.6"
"93","Rhamondre Stevenson","RB","NE","11.9","13.5","6.7","5","2.4","15.5","11.5","","","","","","","","","","","","9.5","66.5"
"93","Curtis Samuel","WR","WAS","8.5","4.7","6.4","14.7","15.5","12.2","4.5","","","","","","","","","","","","9.5","66.5"
"93","Josh Reynolds","WR","DET","10","21.1","-","8.4","15.6","6.5","4.9","","","","","","","","","","","","11.1","66.5"
"96","DeVonta Smith","WR","PHI","14.2","21.1","4.8","11.3","1.1","6.9","6.9","","","","","","","","","","","","9.5","66.3"
"97","Matt Gay","K","IND","3","8","24","1","12","10","8","","","","","","","","","","","","9.4","66"
"98","Brandon Aubrey","K","DAL","10","18","11","12","6","8","BYE","","","","","","","","","","","","10.8","65"
"98","Ka'imi Fairbairn","K","HOU","9","8","13","12","15","8","BYE","","","","","","","","","","","","10.8","65"
"98","Nick Folk","K","TEN","18","10","4","11","12","10","BYE","","","","","","","","","","","","10.8","65"
"101","Garrett Wilson","WR","NYJ","11.9","15.3","7.3","10.5","6.9","13","BYE","","","","","","","","","","","","10.8","64.9"
"102","Calvin Ridley","WR","JAC","20.1","4.2","5.5","10.8","17.1","4.6","1","","","","","","","","","","","","9","63.3"
"103","Bryce Young","QB","CAR","9.5","13.5","-","7.2","20.3","12.7","BYE","","","","","","","","","","","","12.6","63.2"
"104","New Orleans Saints","DST","NO","10","7","10","3","24","5","4","","","","","","","","","","","","9","63"
"104","Pittsburgh Steelers","DST","PIT","4","26","11","-1","18","BYE","5","","","","","","","","","","","","10.5","63"
"104","Jake Moody","K","SF","14","14","12","5","6","5","7","","","","","","","","","","","","9","63"
"107","Jaylen Waddle","WR","MIA","9.8","10.4","-","6.6","12","14.6","9.3","","","","","","","","","","","","10.5","62.7"
"108","Rashid Shaheed","WR","NO","16.5","8.3","6","4.8","3.8","17.3","5.2","","","","","","","","","","","","8.8","61.9"
"109","Deebo Samuel","WR","SF","8.8","19.1","22.1","0.6","10","1.1","-","","","","","","","","","","","","10.3","61.7"
"110","Darren Waller","TE","NYG","5.1","10.6","3.5","3.6","12.6","6.8","19.3","","","","","","","","","","","","8.8","61.5"
"111","Romeo Doubs","WR","GB","16.6","4","15.8","14","0.9","BYE","10","","","","","","","","","","","","10.2","61.3"
"112","Rashee Rice","WR","KC","10.1","3","8.4","4.7","11.3","9.2","14.5","","","","","","","","","","","","8.7","61.2"
"113","Saquon Barkley","RB","NYG","7.8","24.2","-","-","-","11.8","17.3","","","","","","","","","","","","15.3","61.1"
"114","Daniel Jones","QB","NYG","6.5","31.7","5","10.7","7.2","-","-","","","","","","","","","","","","12.2","61.1"
"115","Joe Mixon","RB","CIN","8.8","11.5","13.5","8.1","11.4","7.7","BYE","","","","","","","","","","","","10.2","61"
"115","Jacksonville Jaguars","DST","JAC","11","8","-4","20","5","12","9","","","","","","","","","","","","8.7","61"
"115","Seattle Seahawks","DST","SEA","1","13","3","30","BYE","6","8","","","","","","","","","","","","10.2","61"
"118","Michael Thomas","WR","NO","8.6","9","8","7.3","8.5","7","11.7","","","","","","","","","","","","8.6","60.1"
"119","Kansas City Chiefs","DST","KC","4","10","11","5","6","14","10","","","","","","","","","","","","8.6","60"
"120","Dallas Goedert","TE","PHI","0","5.2","6.6","3.5","21.7","6.7","16.2","","","","","","","","","","","","8.6","59.9"
"121","Gus Edwards","RB","BAL","5.2","12.2","5.1","5.9","4.8","5.8","20.9","","","","","","","","","","","","8.6","59.9"
"122","George Kittle","TE","SF","3.4","4.5","12.5","1.4","26.2","0.6","10.5","","","","","","","","","","","","8.4","59.1"
"123","Tyler Bass","K","BUF","13","8","15","14","2","2","5","","","","","","","","","","","","8.4","59"
"124","Chris Godwin","WR","TB","7.6","8.3","6.7","15.4","BYE","10.7","9.6","","","","","","","","","","","","9.7","58.3"
"125","Philadelphia Eagles","DST","PHI","13","7","12","5","5","6","10","","","","","","","","","","","","8.3","58"
"125","Justin Tucker","K","BAL","5","11","7","4","4","19","8","","","","","","","","","","","","8.3","58"
"127","Rachaad White","RB","TB","5.9","18.8","5.7","9.3","BYE","5.3","12.9","","","","","","","","","","","","9.7","57.9"
"128","Ryan Tannehill","QB","TEN","5.4","21","4.2","13.7","10.8","2","BYE","","","","","","","","","","","","9.5","57.1"
"129","Tyler Allgeier","RB","ATL","22.9","4.8","3.9","1.7","6","5.1","12.7","","","","","","","","","","","","8.2","57.1"
"130","Cincinnati Bengals","DST","CIN","7","6","11","5","16","12","BYE","","","","","","","","","","","","9.5","57"
"130","Jason Myers","K","SEA","8","7","18","6","BYE","9","9","","","","","","","","","","","","9.5","57"
"130","Minnesota Vikings","DST","MIN","2","5","2","17","2","21","8","","","","","","","","","","","","8.1","57"
"130","New York Jets","DST","NYJ","20","0","1","7","18","11","BYE","","","","","","","","","","","","9.5","57"
"134","Amari Cooper","WR","CLE","5.2","12.5","21.1","2.1","BYE","12.8","3.2","","","","","","","","","","","","9.5","56.9"
"135","Michael Wilson","WR","ARI","2.9","7.1","9.6","23.1","2.3","7.7","4.1","","","","","","","","","","","","8.1","56.8"
"136","DK Metcalf","WR","SEA","12.2","10.5","14.2","10.9","BYE","8.9","-","","","","","","","","","","","","11.3","56.7"
"137","Tyler Lockett","WR","SEA","2","21.9","6.9","7.4","BYE","12.4","5.8","","","","","","","","","","","","9.4","56.4"
"138","Cairo Santos","K","CHI","7","7","4","4","17","9","8","","","","","","","","","","","","8","56"
"138","Matt Prater","K","ARI","12","9","13","4","2","11","5","","","","","","","","","","","","8","56"
"140","James Conner","RB","ARI","9.5","16.6","18.6","6.1","4.6","-","-","","","","","","","","","","","","11.1","55.4"
"141","Evan Engram","TE","JAC","7.4","8.7","10.2","9.4","4.8","7.6","7","","","","","","","","","","","","7.9","55.1"
"142","Jahmyr Gibbs","RB","DET","7","9.1","8.7","7.1","-","-","23.1","","","","","","","","","","","","11","55"
"143","Tank Dell","WR","HOU","4.9","16.7","23","3.4","6.8","-","BYE","","","","","","","","","","","","11","54.8"
"144","Deshaun Watson","QB","CLE","21.7","12.6","21.2","-","BYE","-","-0.8","","","","","","","","","","","","13.7","54.6"
"144","Cole Kmet","TE","CHI","6.9","5.8","3.2","24.1","12.7","1.9","0","","","","","","","","","","","","7.8","54.6"
"146","Cleveland Browns","DST","CLE","9","7","12","4","BYE","6","16","","","","","","","","","","","","9","54"
"146","Tampa Bay Buccaneers","DST","TB","9","17","5","13","BYE","4","6","","","","","","","","","","","","9","54"
"148","Younghoe Koo","K","ATL","7","13","7","1","7","5","13","","","","","","","","","","","","7.6","53"
"148","Greg Zuerlein","K","NYJ","11","-","6","4","18","14","BYE","","","","","","","","","","","","10.6","53"
"148","San Francisco 49ers","DST","SF","13","5","8","2","16","7","2","","","","","","","","","","","","7.6","53"
"148","Chris Boswell","K","PIT","1","12","15","6","11","BYE","8","","","","","","","","","","","","8.8","53"
"152","Jaleel McLaughlin","RB","DEN","-0.2","6.5","1.5","17.9","16.4","5.2","5.1","","","","","","","","","","","","7.5","52.4"
"153","Jason Sanders","K","MIA","14","6","10","2","8","6","6","","","","","","","","","","","","7.4","52"
"153","Wil Lutz","K","DEN","4","9","8","9","7","0","15","","","","","","","","","","","","7.4","52"
"155","DeAndre Hopkins","WR","TEN","10","6","6.3","8.3","18","2.5","BYE","","","","","","","","","","","","8.5","51.1"
"156","Evan McPherson","K","CIN","4","6","19","3","12","7","BYE","","","","","","","","","","","","8.5","51"
"157","Jayden Reed","WR","GB","5.6","17.7","7.8","9","1.2","BYE","9.6","","","","","","","","","","","","8.5","50.9"
"158","Dalton Schultz","TE","HOU","1.4","5.4","1.4","11.7","16","14.1","BYE","","","","","","","","","","","","8.3","50"
"158","Greg Joseph","K","MIN","5","4","6","3","9","11","12","","","","","","","","","","","","7.1","50"
"158","Detroit Lions","DST","DET","9","0","16","10","7","10","-2","","","","","","","","","","","","7.1","50"
"161","Joshua Palmer","WR","LAC","0.9","2.8","12.6","9.2","BYE","8","15.8","","","","","","","","","","","","8.2","49.3"
"162","Jaylen Warren","RB","PIT","4.3","10.6","6.7","8.5","9.4","BYE","9.6","","","","","","","","","","","","8.2","49.1"
"162","K.J. Osborn","WR","MIN","4.6","10.9","10.1","2.1","7.4","6.8","7.2","","","","","","","","","","","","7","49.1"
"164","Jonnu Smith","TE","ATL","0","6.7","6.2","12.5","7.7","11.6","4.2","","","","","","","","","","","","7","48.9"
"165","Washington Commanders","DST","WAS","11","10","1","8","-1","10","9","","","","","","","","","","","","6.9","48"
"166","Kyle Pitts","TE","ATL","5.4","2.5","6.2","3.1","12.2","12.3","6.2","","","","","","","","","","","","6.8","47.9"
"167","Dameon Pierce","RB","HOU","5.7","4.5","13.4","11.3","8.7","3.4","BYE","","","","","","","","","","","","7.8","47"
"167","Eddy Pineiro","K","CAR","5","13","11","9","6","3","BYE","","","","","","","","","","","","7.8","47"
"169","Khalil Herbert","RB","CHI","9.9","6.3","2.5","20.2","7.6","-","-","","","","","","","","","","","","9.3","46.5"
"170","Houston Texans","DST","HOU","8","-1","13","12","4","10","BYE","","","","","","","","","","","","7.7","46"
"170","Graham Gano","K","NYG","0","7","9","5","13","10","2","","","","","","","","","","","","6.6","46"
"170","Cooper Kupp","WR","LAR","-","-","-","-","15.8","24.3","5.9","","","","","","","","","","","","15.3","46"
"170","Joey Slye","K","WAS","8","11","5","7","8","6","1","","","","","","","","","","","","6.6","46"
"174","Logan Thomas","TE","WAS","6.3","9.2","-","5.8","16.2","0.7","7.1","","","","","","","","","","","","7.6","45.3"
"175","Najee Harris","RB","PIT","4.3","4.8","6.5","10.8","4.5","BYE","14.3","","","","","","","","","","","","7.5","45.2"
"176","Chase McLaughlin","K","TB","10","9","3","10","BYE","6","7","","","","","","","","","","","","7.5","45"
"176","Miami Dolphins","DST","MIA","2","9","8","-2","11","5","12","","","","","","","","","","","","6.4","45"
"178","Ezekiel Elliott","RB","NE","4.8","1.3","9.2","3.2","5.8","11.4","9.1","","","","","","","","","","","","6.4","44.8"
"179","Cameron Dicker","K","LAC","12","10","4","6","BYE","5","7","","","","","","","","","","","","7.3","44"
"179","Daniel Carlson","K","LV","5","5","4","5","5","13","7","","","","","","","","","","","","6.3","44"
"181","Justice Hill","RB","BAL","12.9","6.8","-","3.3","10.5","5","5.3","","","","","","","","","","","","7.3","43.8"
"182","Hunter Henry","TE","NE","14.1","14.2","2.7","7.1","0","1.2","3.7","","","","","","","","","","","","6.1","43"
"182","Arizona Cardinals","DST","ARI","19","4","5","-3","4","5","9","","","","","","","","","","","","6.1","43"
"184","Nelson Agholor","WR","BAL","0","14.8","5.9","0.9","8.4","5","7.7","","","","","","","","","","","","6.1","42.7"
"185","Javonte Williams","RB","DEN","7.7","6.8","7.5","2.4","-","7.2","11.1","","","","","","","","","","","","7.1","42.7"
"186","Chuba Hubbard","RB","CAR","7.9","7.5","1.4","6.3","4","15.5","BYE","","","","","","","","","","","","7.1","42.6"
"187","D'Onta Foreman","RB","CHI","3.4","-","-","-","-","7.2","31.5","","","","","","","","","","","","14","42.1"
"188","Joshua Kelley","RB","LAC","15.1","3.9","2.2","6.5","BYE","0.9","13.5","","","","","","","","","","","","7","42.1"
"189","Riley Patterson","K","DET","3","7","8","10","6","8","0","","","","","","","","","","","","6","42"
"189","Indianapolis Colts","DST","IND","11","9","9","3","4","1","5","","","","","","","","","","","","6","42"
"191","Tyjae Spears","RB","TEN","3.3","6.5","2.9","7.3","14.9","6.8","BYE","","","","","","","","","","","","7","41.7"
"192","Tyler Boyd","WR","CIN","2","8.2","6.4","4.6","6.9","13.3","BYE","","","","","","","","","","","","6.9","41.4"
"193","Jerry Jeudy","WR","DEN","-","4","10.6","6.7","8","2.9","8.9","","","","","","","","","","","","6.9","41.1"
"194","Mike Williams","WR","LAC","6.5","12.6","21.6","-","BYE","-","-","","","","","","","","","","","","13.6","40.7"
"195","Kalif Raymond","WR","DET","2.5","12.7","7.5","4.3","6","4.1","3","","","","","","","","","","","","5.7","40.1"
"196","Anders Carlson","K","GB","10","6","4","8","7","BYE","5","","","","","","","","","","","","6.7","40"
"196","Taysom Hill","TE","NO","0.4","8.2","2.6","2.7","2.5","8.8","14.8","","","","","","","","","","","","5.7","40"
"196","Chicago Bears","DST","CHI","0","2","0","1","10","10","17","","","","","","","","","","","","5.7","40"
"199","AJ Dillon","RB","GB","4.6","6.8","3.3","1.1","13.6","BYE","10.5","","","","","","","","","","","","6.7","39.9"
"200","Marvin Mims Jr.","WR","DEN","1.9","19.3","15.1","5.7","-1.1","0","-1.1","","","","","","","","","","","","5.7","39.8"
"201","Robert Woods","WR","HOU","8.7","10.4","4.9","4.1","4.5","7.1","BYE","","","","","","","","","","","","6.6","39.7"
"202","Rondale Moore","WR","ARI","6","1.9","14.2","0","9.1","4.6","3.6","","","","","","","","","","","","5.6","39.4"
"203","Chad Ryland","K","NE","2","6","10","3","0","6","12","","","","","","","","","","","","5.6","39"
"203","Los Angeles Chargers","DST","LAC","0","5","8","14","BYE","8","4","","","","","","","","","","","","6.5","39"
"205","DJ Chark Jr.","WR","CAR","-","2","16.6","3.8","11.7","4.1","BYE","","","","","","","","","","","","7.6","38.2"
"205","Zach Ertz","TE","ARI","5.1","8.6","1.6","8.3","8","3.2","3.4","","","","","","","","","","","","5.5","38.2"
"207","Austin Ekeler","RB","LAC","24.4","-","-","-","BYE","8.2","5.1","","","","","","","","","","","","12.6","37.7"
"208","Tyrod Taylor","QB","NYG","0.2","-","0.2","-","4.8","10.4","21.7","","","","","","","","","","","","7.5","37.3"
"209","Samaje Perine","RB","DEN","9.8","3.9","3.4","4.5","9.5","0.6","5.6","","","","","","","","","","","","5.3","37.3"
"210","Green Bay Packers","DST","GB","15","3","5","3","9","BYE","2","","","","","","","","","","","","6.2","37"
"210","Latavius Murray","RB","BUF","2.2","10.1","8.6","6.6","1.2","4.5","3.8","","","","","","","","","","","","5.3","37"
"212","Nick Westbrook-Ikhine","WR","TEN","7.8","10","-","13.6","1.4","4","BYE","","","","","","","","","","","","7.4","36.8"
"212","Gerald Everett","TE","LAC","3.3","6.2","6","1.9","BYE","9.3","10.1","","","","","","","","","","","","6.1","36.8"
"214","Miles Sanders","RB","CAR","9.8","6.2","14.7","4.7","1.2","-","BYE","","","","","","","","","","","","7.3","36.6"
"215","Atlanta Falcons","DST","ATL","12","1","3","3","1","5","11","","","","","","","","","","","","5.1","36"
"216","Jake Ferguson","TE","DAL","2.1","8.6","7.3","11.2","4.3","2","BYE","","","","","","","","","","","","5.9","35.5"
"217","Kareem Hunt","RB","CLE","-","-","4.5","1.2","BYE","14.6","15.1","","","","","","","","","","","","8.9","35.4"
"218","Jahan Dotson","WR","WAS","6.5","3.7","3.1","10.7","4.5","0","6.8","","","","","","","","","","","","5","35.3"
"219","Tennessee Titans","DST","TEN","9","3","5","12","1","5","BYE","","","","","","","","","","","","5.8","35"
"220","Darius Slayton","WR","NYG","3","7.7","4.7","3.3","4.5","8.9","2.7","","","","","","","","","","","","5","34.8"
"220","Aaron Jones","RB","GB","25.7","-","-","1.9","-","BYE","7.2","","","","","","","","","","","","11.6","34.8"
"222","Braxton Berrios","WR","MIA","5.7","3.8","4.3","14.4","2.3","3","1.2","","","","","","","","","","","","5","34.7"
"223","Tyler Higbee","TE","LAR","6.4","2.7","9.6","8.9","3","2.8","1.2","","","","","","","","","","","","4.9","34.6"
"224","Elijah Moore","WR","CLE","7.7","5.6","7.3","1","BYE","4.7","7.9","","","","","","","","","","","","5.7","34.2"
"224","Brandon Johnson","WR","DEN","4.1","19.6","2.2","6.9","1.4","0","0","","","","","","","","","","","","4.9","34.2"
"226","Denver Broncos","DST","DEN","3","0","2","13","8","5","3","","","","","","","","","","","","4.9","34"
"227","Allen Lazard","WR","NYJ","5.6","3.3","5.4","13.6","4.8","1.3","BYE","","","","","","","","","","","","5.7","34"
"228","Tee Higgins","WR","CIN","0","24.9","3.1","2.9","-","3","BYE","","","","","","","","","","","","6.8","33.9"
"229","Jaxon Smith-Njigba","WR","SEA","2.8","5.9","1.5","2","BYE","6.8","14.3","","","","","","","","","","","","5.6","33.3"
"230","New York Giants","DST","NYG","-1","-1","1","3","12","5","14","","","","","","","","","","","","4.7","33"
"231","Antonio Gibson","RB","WAS","0.4","6.8","1.9","3.1","8.4","8.1","4.1","","","","","","","","","","","","4.7","32.8"
"231","Jerick McKinnon","RB","KC","1.5","3.7","16.3","0.7","3.5","3.5","3.6","","","","","","","","","","","","4.7","32.8"
"233","Tyler Conklin","TE","NYJ","0.7","7.5","4.1","7.8","8.7","3.9","BYE","","","","","","","","","","","","5.5","32.7"
"234","Kenneth Gainwell","RB","PHI","9.4","-","5.3","5.1","2.9","2.2","7.6","","","","","","","","","","","","5.4","32.5"
"235","Jonathan Taylor","RB","IND","-","-","-","-","3.9","9","19.5","","","","","","","","","","","","10.8","32.4"
"236","Dalton Kincaid","TE","BUF","4.6","6.8","1.3","4.7","2.9","-","11.5","","","","","","","","","","","","5.3","31.8"
"237","Darnell Mooney","WR","CHI","13.3","-","0","7.1","0","5.8","5.4","","","","","","","","","","","","5.3","31.6"
"238","David Njoku","TE","CLE","3.4","4.8","4","7.6","BYE","3.9","7.9","","","","","","","","","","","","5.3","31.6"
"239","Marquez Valdes-Scantling","WR","KC","5.8","2.3","4.2","1.1","1.7","0","15.9","","","","","","","","","","","","4.4","31"
"239","New England Patriots","DST","NE","6","5","9","3","1","2","5","","","","","","","","","","","","4.4","31"
"239","Las Vegas Raiders","DST","LV","3","-2","1","4","12","9","4","","","","","","","","","","","","4.4","31"
"242","Kylen Granson","TE","IND","5.9","9.1","1.9","3.4","2.5","8.2","-","","","","","","","","","","","","5.2","31"
"243","Skyy Moore","WR","KC","0.4","14.5","6.2","1.9","2.1","3.2","2.5","","","","","","","","","","","","4.4","30.8"
"244","Los Angeles Rams","DST","LAR","6","0","5","4","3","10","2","","","","","","","","","","","","4.3","30"
"245","Luke Musgrave","TE","GB","6.5","3.5","7.9","0.6","6.4","BYE","5","","","","","","","","","","","","5","29.9"
"246","Cade Otton","TE","TB","2.9","7.1","2.1","8.8","BYE","2","6.8","","","","","","","","","","","","5","29.7"
"247","Roschon Johnson","RB","CHI","14.5","5.2","5.9","2","1.9","-","-","","","","","","","","","","","","5.9","29.5"
"248","Emari Demercado","RB","ARI","-","1.5","0.2","3.9","12.2","2.2","9.5","","","","","","","","","","","","4.9","29.5"
"249","Mike Gesicki","TE","NE","5.1","5.8","2.3","1.7","2.7","4.3","7.5","","","","","","","","","","","","4.2","29.4"
"249","Michael Gallup","WR","DAL","1.5","0.8","12.2","8.5","2.5","3.9","BYE","","","","","","","","","","","","4.9","29.4"
"251","Wan'Dale Robinson","WR","NYG","-","-","4.1","7.2","4.4","10.2","2.7","","","","","","","","","","","","5.7","28.6"
"252","Donald Parham Jr.","TE","LAC","9.7","1.2","13.4","0","BYE","2.9","1.4","","","","","","","","","","","","4.8","28.6"
"253","Noah Gray","TE","KC","4.6","5.3","1.4","9.9","3.1","2.5","1.3","","","","","","","","","","","","4","28.1"
"254","Demario Douglas","WR","NE","6","0.9","2.5","5.5","2.9","-","9.4","","","","","","","","","","","","4.5","27.2"
"254","Jake Bobo","WR","SEA","-","0.8","7","0","BYE","5.3","14.1","","","","","","","","","","","","5.4","27.2"
"254","Alec Pierce","WR","IND","1","3.8","5.8","4.3","1.5","4","6.8","","","","","","","","","","","","3.9","27.2"
"257","Cam Akers","RB","MIN","8.9","-","-","6.1","2.8","2","7.1","","","","","","","","","","","","5.4","26.9"
"258","Matt Breida","RB","NYG","1.1","0.5","9.3","10.3","2.9","1.3","1.4","","","","","","","","","","","","3.8","26.8"
"259","Calvin Austin III","WR","PIT","6.7","1.3","14.2","4.4","0","BYE","0.1","","","","","","","","","","","","4.5","26.7"
"260","KaVontae Turpin","WR","DAL","9.5","2","0","5.6","9.1","0","BYE","","","","","","","","","","","","4.4","26.2"
"261","Carolina Panthers","DST","CAR","4","7","0","13","-2","4","BYE","","","","","","","","","","","","4.3","26"
"262","Trey Palmer","WR","TB","7.8","2.5","1.3","7.6","BYE","5.7","1","","","","","","","","","","","","4.3","25.9"
"263","Dawson Knox","TE","BUF","4","8.5","1.6","1.7","3.2","3.2","3.5","","","","","","","","","","","","3.7","25.7"
"264","Jordan Mason","RB","SF","-","0","1.1","2.8","12.9","8.7","0","","","","","","","","","","","","4.3","25.5"
"265","Brandin Cooks","WR","DAL","3.2","-","2.7","4.7","1.8","13","BYE","","","","","","","","","","","","5.1","25.4"
"265","Noah Fant","TE","SEA","-","7.6","6.1","7.3","BYE","1.4","3","","","","","","","","","","","","5.1","25.4"
"267","Kadarius Toney","WR","KC","0.5","6.3","0.4","3.2","5.2","7.9","1.8","","","","","","","","","","","","3.6","25.3"
"268","Devin Singletary","RB","HOU","1.5","2.9","5.5","8.3","0","6.7","BYE","","","","","","","","","","","","4.2","24.9"
"268","Justin Watson","WR","KC","5.5","5.7","6.1","1","6.6","0","-","","","","","","","","","","","","4.2","24.9"
"270","Hayden Hurst","TE","CAR","12.6","3.5","1.6","1.2","3.6","2.1","BYE","","","","","","","","","","","","4.1","24.6"
"271","Trey McBride","TE","ARI","3.3","4.2","0.7","1","2.7","8.2","4.4","","","","","","","","","","","","3.5","24.5"
"272","Mack Hollins","WR","ATL","4.6","7.5","2.8","0","3.9","5.6","0","","","","","","","","","","","","3.5","24.4"
"273","Rico Dowdle","RB","DAL","2.4","4.8","12.1","2.2","1.5","1.2","BYE","","","","","","","","","","","","4","24.2"
"274","Jauan Jennings","WR","SF","0","6.1","4.1","-","2.4","3.6","7.9","","","","","","","","","","","","4","24.1"
"275","Jalin Hyatt","WR","NYG","0","9.9","-","2","0","3.6","8.5","","","","","","","","","","","","4","24"
"275","Deonte Harty","WR","BUF","2.8","1.4","2.3","2","7.2","6.8","1.5","","","","","","","","","","","","3.4","24"
"277","Zay Jones","WR","JAC","14","0","-","-","9.8","-","-","","","","","","","","","","","","7.9","23.8"
"277","Christian Watson","WR","GB","-","-","-","9.5","10.1","BYE","4.2","","","","","","","","","","","","7.9","23.8"
"279","Andy Dalton","QB","CAR","-","-","23.5","-","0.1","-","BYE","","","","","","","","","","","","11.8","23.6"
"280","Allen Robinson II","WR","PIT","8.9","2.2","4.4","1.3","5.4","BYE","1.2","","","","","","","","","","","","3.9","23.4"
"281","Odell Beckham Jr.","WR","BAL","4.7","4.4","-","-","2.3","4.4","7.4","","","","","","","","","","","","4.6","23.2"
"282","Tony Jones Jr.","RB","NO","0.5","15.4","7.2","-","-","-","-","","","","","","","","","","","","7.7","23.1"
"283","Clyde Edwards-Helaire","RB","KC","3.4","2.7","12.2","1.8","0.4","2.1","0.5","","","","","","","","","","","","3.3","23.1"
"284","Pharaoh Brown","TE","NE","-","-","14.1","-","0","2","6.1","","","","","","","","","","","","5.6","22.2"
"285","Isaiah Hodgins","WR","NYG","0.9","12","0","3.9","2.9","0","2.3","","","","","","","","","","","","3.1","22"
"285","Craig Reynolds","RB","DET","-","1","1.5","0","11.2","5.3","3","","","","","","","","","","","","3.7","22"
"287","Dontayvion Wicks","WR","GB","0","11","6.5","0","1.5","BYE","2.9","","","","","","","","","","","","3.6","21.9"
"288","DeVante Parker","WR","NE","-","8.7","2.9","4.3","3","1.2","1.3","","","","","","","","","","","","3.6","21.4"
"289","Pat Freiermuth","TE","PIT","6.8","0.7","11.6","2.2","-","BYE","-","","","","","","","","","","","","5.3","21.3"
"290","Nick Chubb","RB","CLE","14.7","6.4","-","-","BYE","-","-","","","","","","","","","","","","10.6","21.1"
"291","Jonathan Mingo","WR","CAR","2.7","4.1","3.6","-","7.3","3.1","BYE","","","","","","","","","","","","4.2","20.8"
"292","Chigoziem Okonkwo","TE","TEN","0","5.5","2.2","4.4","5.8","2.8","BYE","","","","","","","","","","","","3.5","20.7"
"293","Deven Thompkins","WR","TB","2","1.1","1.6","13.6","BYE","1.3","0.9","","","","","","","","","","","","3.4","20.5"
"294","Foster Moreau","TE","NO","-","3","-","-","7.1","5.3","4.8","","","","","","","","","","","","5.1","20.2"
"295","Michael Mayer","TE","LV","0","0.7","2","-","4.9","10","2.3","","","","","","","","","","","","3.3","19.9"
"296","Tyson Bagent","QB","CHI","-","-","-","-","-","6.7","12.9","","","","","","","","","","","","9.8","19.6"
"297","Terrace Marshall Jr.","WR","CAR","3.3","-","6","10.1","-","0","BYE","","","","","","","","","","","","4.9","19.4"
"298","Andrew Ogletree","TE","IND","2.5","-","1.6","12.3","2.6","0","0","","","","","","","","","","","","3.2","19"
"299","Colby Parkinson","TE","SEA","1.3","5.1","5.3","0","BYE","3.4","3.6","","","","","","","","","","","","3.1","18.7"
"300","Brandon Powell","WR","MIN","0","-2","1","0","7.2","3.4","8.9","","","","","","","","","","","","2.6","18.5"
"301","Salvon Ahmed","RB","MIA","1.1","5.6","-","-","-","10.9","0.8","","","","","","","","","","","","4.6","18.4"
"301","Adam Trautman","TE","DEN","5.9","0","0","0","10.6","0.9","1","","","","","","","","","","","","2.6","18.4"
"303","Damien Harris","RB","BUF","2.9","9.3","1.5","2.9","1.3","0.1","-","","","","","","","","","","","","3","18"
"303","Dalvin Cook","RB","NYJ","7.4","-0.3","4.4","2.3","2.3","1.9","BYE","","","","","","","","","","","","3","18"
"305","Kendre Miller","RB","NO","-","-","3.9","1.3","11","1.7","0","","","","","","","","","","","","3.6","17.9"
"306","Rashod Bateman","WR","BAL","5","3.3","1.1","-","1.3","2.5","4.6","","","","","","","","","","","","3","17.8"
"307","Durham Smythe","TE","MIA","5.9","3.8","2","6.1","0","0","0","","","","","","","","","","","","2.5","17.8"
"308","River Cracraft","WR","MIA","11.5","4.4","1.8","-","-","-","-","","","","","","","","","","","","5.9","17.7"
"309","Zach Charbonnet","RB","SEA","1.1","4","5","4.5","BYE","2.9","-","","","","","","","","","","","","3.5","17.5"
"309","Khalil Shakir","WR","BUF","-","7.6","1","0","1.6","1.8","5.5","","","","","","","","","","","","2.9","17.5"
"311","Aidan O'Connell","QB","LV","-","-","-","10.8","-","-","6","","","","","","","","","","","","8.4","16.8"
"312","Diontae Johnson","WR","PIT","6.3","-","-","-","-","BYE","10.4","","","","","","","","","","","","8.4","16.7"
"313","Chris Moore","WR","TEN","0","5.4","5.1","4.9","0","1.1","BYE","","","","","","","","","","","","2.8","16.5"
"313","Parris Campbell","WR","NYG","0.7","4.1","5.4","3","3.3","0","0","","","","","","","","","","","","2.4","16.5"
"315","Pierre Strong Jr.","RB","CLE","0","6.1","2.7","4.9","BYE","0","2.5","","","","","","","","","","","","2.7","16.2"
"316","Van Jefferson","WR","ATL","4.4","1.4","5.5","3.9","0","0","1","","","","","","","","","","","","2.3","16.2"
"317","Josh Oliver","TE","MIN","4.7","2.3","7.4","0","0","0","1.6","","","","","","","","","","","","2.3","16"
"318","Tank Bigsby","RB","JAC","5.3","-","7","1","0.8","1.3","0.2","","","","","","","","","","","","2.6","15.6"
"318","JuJu Smith-Schuster","WR","NE","5.3","5.3","1","1.9","2.1","-","-","","","","","","","","","","","","3.1","15.6"
"320","Olamide Zaccheaus","WR","PHI","-","-","12.8","1.6","0","1","0","","","","","","","","","","","","3.1","15.4"
"321","Cedrick Wilson Jr.","WR","MIA","-","-","-","2.1","7.2","0","5.8","","","","","","","","","","","","3.8","15.1"
"322","Austin Hooper","TE","LV","2.5","3","-","1.6","2.1","2.9","2.8","","","","","","","","","","","","2.5","14.9"
"323","Tre Tucker","WR","LV","-","3.4","-","-","1.6","7.1","2.8","","","","","","","","","","","","3.7","14.9"
"324","Mo Alie-Cox","TE","IND","0","2","-","10","2.2","0","-0.1","","","","","","","","","","","","2.4","14.1"
"325","Treylon Burks","WR","TEN","3.7","9.1","1","-","-","-","BYE","","","","","","","","","","","","4.6","13.8"
"326","Donovan Peoples-Jones","WR","CLE","1.7","1.2","6.4","1.2","BYE","0","3.2","","","","","","","","","","","","2.3","13.7"
"327","Brevin Jordan","TE","HOU","-","3.7","8.3","0","0","1.6","BYE","","","","","","","","","","","","2.7","13.6"
"328","Jameson Williams","WR","DET","-","-","-","-","1.2","12.3","0","","","","","","","","","","","","4.5","13.5"
"328","Kyle Juszczyk","RB","SF","0","-","0.3","1.2","10.6","1.4","-","","","","","","","","","","","","2.7","13.5"
"330","Derius Davis","WR","LAC","1","1","0.8","7.7","BYE","0","2.9","","","","","","","","","","","","2.2","13.4"
"331","Robbie Chosen","WR","MIA","-","-","13.3","0","0","0","-","","","","","","","","","","","","3.3","13.3"
"331","Laviska Shenault Jr.","WR","CAR","3.1","0.7","1.2","2.4","2.7","3.2","BYE","","","","","","","","","","","","2.2","13.3"
"333","Chase Claypool","WR","MIA","0","11.1","2","-","-","-","0","","","","","","","","","","","","3.3","13.1"
"333","Darrell Henderson Jr.","RB","LAR","-","-","-","-","-","-","13.1","","","","","","","","","","","","13.1","13.1"
"335","Michael Carter","RB","NYJ","2.8","1.6","0.8","3.1","3.7","0.5","BYE","","","","","","","","","","","","2.1","12.5"
"336","Josh Whyle","TE","TEN","-","0","-","9.6","1.2","1.6","BYE","","","","","","","","","","","","3.1","12.4"
"337","John Bates","TE","WAS","0","6.1","2.2","1.1","2.9","0","0","","","","","","","","","","","","1.8","12.3"
"338","Cole Turner","TE","WAS","2.2","3.1","5.5","0","1.4","0","0","","","","","","","","","","","","1.7","12.2"
"338","Trenton Irwin","WR","CIN","0","-","-","2.2","10","0","BYE","","","","","","","","","","","","3.1","12.2"
"338","PJ Walker","QB","CLE","-","-","-","-","BYE","5.8","6.4","","","","","","","","","","","","6.1","12.2"
"341","Tommy Tremble","TE","CAR","0","0","2","-","6.6","3.5","BYE","","","","","","","","","","","","2.4","12.1"
"342","Tyler Scott","WR","CHI","2.4","-","1.1","1.9","0","2.2","4.3","","","","","","","","","","","","2","11.9"
"343","Dyami Brown","WR","WAS","0","4","0","6.1","1.6","0","0","","","","","","","","","","","","1.7","11.7"
"344","Melvin Gordon III","RB","BAL","-","-","6.5","4.9","-","-","-","","","","","","","","","","","","5.7","11.4"
"345","Brenton Strange","TE","JAC","-","-","1.7","0","0","9.7","0","","","","","","","","","","","","2.3","11.4"
"346","Jamal Agnew","WR","JAC","-0.2","1","4.9","-","0.1","0","5.5","","","","","","","","","","","","1.9","11.3"
"346","Hunter Renfrow","WR","LV","-","2.8","2.7","2.2","1.2","0","2.4","","","","","","","","","","","","1.9","11.3"
"348","Ty Chandler","RB","MIN","2.3","1.9","3.6","0","1.5","0","1.7","","","","","","","","","","","","1.6","11"
"349","Samori Toure","WR","GB","2.8","1.1","2","4","0","BYE","0.8","","","","","","","","","","","","1.8","10.7"
"349","J.K. Dobbins","RB","BAL","10.7","-","-","-","-","-","-","","","","","","","","","","","","10.7","10.7"
"351","Lil'Jordan Humphrey","WR","DEN","8.1","0.9","-","1.6","0","0","0","","","","","","","","","","","","1.8","10.6"
"351","Ronnie Bell","WR","SF","0","0","9.4","1.2","0","0","-","","","","","","","","","","","","1.8","10.6"
"353","Jamaal Williams","RB","NO","6.2","2.9","-","-","-","-","1.4","","","","","","","","","","","","3.5","10.5"
"354","John Metchie III","WR","HOU","-","2.2","2.3","2.7","3","0","BYE","","","","","","","","","","","","2","10.2"
"354","C.J. Uzomah","TE","NYJ","-","-","1.4","6.6","2.2","0","BYE","","","","","","","","","","","","2.6","10.2"
"356","Connor Heyward","TE","PIT","2.9","0","0","0","3.8","BYE","3.3","","","","","","","","","","","","1.7","10"
"356","Ray-Ray McCloud III","WR","SF","0","0","0","3.2","0.6","3.2","3","","","","","","","","","","","","1.4","10"
"358","Quentin Johnston","WR","LAC","1.9","1.2","2","2.3","BYE","0","2.5","","","","","","","","","","","","1.7","9.9"
"359","Darrynton Evans","RB","CHI","-","-","-","-","-","3.9","5.9","","","","","","","","","","","","4.9","9.8"
"360","Juwan Johnson","TE","NO","5.1","2.3","2.2","-","-","-","-","","","","","","","","","","","","3.2","9.6"
"361","Ronnie Rivers","RB","LAR","0","0.9","0","6.7","0.1","1.8","-","","","","","","","","","","","","1.6","9.5"
"362","Chris Brooks","RB","MIA","-","-","6.6","-","0","2.8","-","","","","","","","","","","","","3.1","9.4"
"363","Josiah Deguara","TE","GB","0","1.5","0","5.4","2.4","BYE","0","","","","","","","","","","","","1.6","9.3"
"364","Zamir White","RB","LV","1.2","0.2","-","1.5","-","1.9","4.3","","","","","","","","","","","","1.8","9.1"
"364","Gary Brightwell","RB","NYG","2.1","0","4.6","2.4","-","-","-","","","","","","","","","","","","2.3","9.1"
"366","Hunter Luepke","RB","DAL","-","0","2.6","6.4","0","0","BYE","","","","","","","","","","","","1.8","9"
"367","KhaDarel Hodge","WR","ATL","0","-","2","2.9","1.6","0","2.4","","","","","","","","","","","","1.5","8.9"
"368","Keaontay Ingram","RB","ARI","-0.4","0.6","2.6","-","-","6.1","-","","","","","","","","","","","","2.2","8.9"
"369","Harrison Bryant","TE","CLE","7.5","0","0.4","0.9","BYE","0","0","","","","","","","","","","","","1.5","8.8"
"370","Will Dissly","TE","SEA","2.7","5","-","-","BYE","0.9","0","","","","","","","","","","","","2.2","8.6"
"370","Jalen Tolbert","WR","DAL","0","3.3","-","7.3","0","-2","BYE","","","","","","","","","","","","1.7","8.6"
"372","Patrick Taylor Jr.","RB","NE","2.2","0.1","4.4","-","1.7","-","-","","","","","","","","","","","","2.1","8.4"
"372","Deuce Vaughn","RB","DAL","0.8","4.7","-","1.6","1.3","-","BYE","","","","","","","","","","","","2.1","8.4"
"374","Andrei Iosivas","WR","CIN","0","-","-","0","1.4","6.8","BYE","","","","","","","","","","","","2.1","8.2"
"375","Noah Brown","WR","HOU","3.4","-","-","-","-","4.7","BYE","","","","","","","","","","","","4.1","8.1"
"376","Scott Miller","WR","ATL","0","0","-","-","2","0.9","5.1","","","","","","","","","","","","1.6","8"
"376","Quintin Morris","TE","BUF","-","-","-","-","0","8","-","","","","","","","","","","","","4","8"
"376","Ameer Abdullah","RB","LV","0","1","2.6","2.4","2","0","0","","","","","","","","","","","","1.1","8"
"379","Xavier Gipson","WR","NYJ","6","0","0","2.2","-2","1.8","BYE","","","","","","","","","","","","1.3","8"
"380","Cordarrelle Patterson","RB","ATL","-","-","-","-","1.2","1.1","5.6","","","","","","","","","","","","2.6","7.9"
"381","Boston Scott","RB","PHI","1.5","4","-","-","-","2.1","0","","","","","","","","","","","","1.9","7.6"
"382","Isaiah McKenzie","WR","IND","0","1.2","0.8","1.1","0.4","3.3","0.7","","","","","","","","","","","","1.1","7.5"
"383","Trent Sherfield","WR","BUF","-","-","2.8","2.8","0.8","0","1","","","","","","","","","","","","1.5","7.4"
"384","Blake Bell","TE","KC","8.2","-","-","-","0","0","-0.8","","","","","","","","","","","","1.9","7.4"
"385","Jimmy Graham","TE","NO","-","0","7.3","-","0","0","0","","","","","","","","","","","","1.5","7.3"
"386","Alec Ingold","RB","MIA","4.4","-","0","2.8","0","0","0","","","","","","","","","","","","1.2","7.2"
"387","Charlie Jones","WR","CIN","0","6","1.1","-","-","-","BYE","","","","","","","","","","","","2.4","7.1"
"388","Brock Wright","TE","DET","2.7","-","-","-","3.1","1.2","0","","","","","","","","","","","","1.8","7"
"389","Brian Hoyer","QB","LV","-","-","-","-","-","3.8","3.2","","","","","","","","","","","","3.5","6.9"
"390","Tanner Hudson","TE","CIN","-","-","4","2.8","-","-","BYE","","","","","","","","","","","","3.4","6.8"
"390","Patrick Ricard","RB","BAL","0","-","-","1.9","0","0.8","4.1","","","","","","","","","","","","1.4","6.8"
"392","Luke Schoonmaker","TE","DAL","-","6.6","0","0","0","0","BYE","","","","","","","","","","","","1.3","6.6"
"392","Royce Freeman","RB","LAR","-","-","0","0","-","-","6.6","","","","","","","","","","","","2.2","6.6"
"394","Elijah Mitchell","RB","SF","1","-","5.9","-","-","-0.3","-0.1","","","","","","","","","","","","1.6","6.5"
"394","Byron Pringle","WR","WAS","-","0.9","-","2","1.5","0","2.1","","","","","","","","","","","","1.3","6.5"
"396","Robert Tonyan","TE","CHI","0","0","-","2.8","2","1.6","0","","","","","","","","","","","","1.1","6.4"
"397","Marquise Goodwin","WR","CLE","0","0","0.1","0.5","BYE","2.9","2.8","","","","","","","","","","","","1.1","6.3"
"398","Andrew Beck","TE","HOU","0","0.2","6","0","0","0","BYE","","","","","","","","","","","","1","6.2"
"398","Irv Smith Jr.","TE","CIN","3.2","2","-","-","0","1","BYE","","","","","","","","","","","","1.6","6.2"
"400","Nick Bawden","RB","NYJ","-","-","6.1","-","0","0","BYE","","","","","","","","","","","","2","6.1"
"400","Chris Rodriguez Jr.","RB","WAS","0.7","0","-","-","-","2.3","3.1","","","","","","","","","","","","1.5","6.1"
"402","Will Mallory","TE","IND","-","5.9","-","-","-","0","0","","","","","","","","","","","","2","5.9"
"402","Emanuel Wilson","RB","GB","-","0.5","1.7","-","0","BYE","3.7","","","","","","","","","","","","1.5","5.9"
"404","D'Ernest Johnson","RB","JAC","-0.4","2.2","2.2","-0.2","0","1.9","0","","","","","","","","","","","","0.8","5.7"
"405","MyCole Pruitt","TE","ATL","0","0","1.5","0","2.7","1.4","0","","","","","","","","","","","","0.8","5.6"
"405","Jeremy Ruckert","TE","NYJ","-","-","-","3.6","0.7","1.3","BYE","","","","","","","","","","","","1.9","5.6"
"407","Randall Cobb","WR","NYJ","0","0","1.7","1.8","0","2","BYE","","","","","","","","","","","","0.9","5.5"
"408","David Bell","WR","CLE","0","4.2","-","-","BYE","1.1","0","","","","","","","","","","","","1.3","5.3"
"409","Tim Jones","WR","JAC","-","0","2.1","0.4","0","0","2.7","","","","","","","","","","","","0.9","5.2"
"410","Mike White","QB","MIA","-","-","6.6","-","-","-1.4","-","","","","","","","","","","","","2.6","5.2"
"411","Damien Williams","RB","ARI","-","-","-","-","-","4.9","0.2","","","","","","","","","","","","2.6","5.1"
"412","Luke Farrell","TE","JAC","-","-","0.9","2","2.1","0","0","","","","","","","","","","","","1","5"
"412","Ty Montgomery II","RB","NE","2.6","0","0","-","1","1.4","0","","","","","","","","","","","","0.8","5"
"414","Justyn Ross","WR","KC","1.1","-","0","-","3.8","0","0","","","","","","","","","","","","1","4.9"
"414","Isaiah Spiller","RB","LAC","-","0.3","0.7","3.7","BYE","0.2","-","","","","","","","","","","","","1.2","4.9"
"416","Mike Boone","RB","HOU","3.3","-","0","0.4","0","1.1","BYE","","","","","","","","","","","","1","4.8"
"417","Isaiah Likely","TE","BAL","0.9","1.3","2.5","0","0","0","0","","","","","","","","","","","","0.7","4.7"
"418","Trayveon Williams","RB","CIN","0.7","1.4","0.4","0.4","0.5","1.3","BYE","","","","","","","","","","","","0.8","4.7"
"419","Malik Willis","QB","TEN","-","-","-","-","-","4.7","BYE","","","","","","","","","","","","4.7","4.7"
"420","Brycen Hopkins","TE","LAR","2.6","0","-","1","0","0","1","","","","","","","","","","","","0.8","4.6"
"420","Ian Thomas","TE","CAR","0","-","1.3","0","3.3","-","BYE","","","","","","","","","","","","1.2","4.6"
"422","Geoff Swaim","TE","ARI","0","-","-","0","3.2","0","1.3","","","","","","","","","","","","0.9","4.5"
"423","Teagan Quitoriano","TE","HOU","1.6","-","0","-","2.7","0","BYE","","","","","","","","","","","","1.1","4.3"
"424","Dorian Thompson-Robinson","QB","CLE","-","-","-","4.2","BYE","-","-","","","","","","","","","","","","4.2","4.2"
"424","Nate Adkins","TE","DEN","-","-","1.6","1.8","0","-","0.8","","","","","","","","","","","","1.1","4.2"
"424","Daniel Bellinger","TE","NYG","0.6","0","1.3","1.1","1.2","0","0","","","","","","","","","","","","0.6","4.2"
"427","Sean Tucker","RB","TB","3.4","0.7","0.1","0","BYE","-","-","","","","","","","","","","","","1.1","4.2"
"428","Khari Blasingame","RB","CHI","0","-","-","-","2.6","0.6","0.9","","","","","","","","","","","","1","4.1"
"428","Quez Watkins","WR","PHI","2.7","-","-","-","1.4","-","-","","","","","","","","","","","","2.1","4.1"
"430","Austin Seibert","K","FA","-","4","-","-","-","-","-","","","","","","","","","","","","4","4"
"430","Ke'Shawn Vaughn","RB","TB","-","-","-","2.4","BYE","0.9","0.7","","","","","","","","","","","","1.3","4"
"430","Marvin Jones Jr.","WR","FA","-0.2","0","-","0","3.2","1","-","","","","","","","","","","","","0.8","4"
"430","Greg Dulcich","TE","DEN","3.2","-","-","-","-","0.8","-","","","","","","","","","","","","2","4"
"434","Zach Pascal","WR","ARI","0","1.4","0","2.5","0","0","-","","","","","","","","","","","","0.7","3.9"
"434","Stone Smartt","TE","LAC","-","2.9","-","0","BYE","0","1","","","","","","","","","","","","1","3.9"
"436","Velus Jones Jr.","WR","CHI","-","-0.3","0","1","0","2.5","0.5","","","","","","","","","","","","0.6","3.7"
"437","Keith Smith","RB","ATL","0","0","-","0","3.3","0","0.4","","","","","","","","","","","","0.6","3.7"
"438","Drew Lock","QB","SEA","-","-","-","3.6","BYE","-","-","","","","","","","","","","","","3.6","3.6"
"439","Jordan Akins","TE","CLE","1.7","0.7","-","1.1","BYE","0","0","","","","","","","","","","","","0.7","3.5"
"440","Ben Skowronek","WR","LAR","0","2.6","0.8","-","0","0","0","","","","","","","","","","","","0.6","3.4"
"441","Marcedes Lewis","TE","CHI","-","-","-","1.3","0","0","2.1","","","","","","","","","","","","0.9","3.4"
"441","DeAndre Carter","WR","LV","1","0","2.1","0","0.3","0","0","","","","","","","","","","","","0.5","3.4"
"443","Eric Gray","RB","NYG","0","0","0","0","3.1","0.2","0","","","","","","","","","","","","0.5","3.3"
"443","Trey Sermon","RB","IND","-","-","2.6","0.7","0","0","-","","","","","","","","","","","","0.8","3.3"
"443","Devin Duvernay","WR","BAL","0","1.5","0","1.8","0","0","0","","","","","","","","","","","","0.5","3.3"
"446","Mitchell Wilcox","TE","CIN","0","-","2","1.2","0","0","BYE","","","","","","","","","","","","0.6","3.2"
"447","Bailey Zappe","QB","NE","-","-","-","2.3","0.9","-","-","","","","","","","","","","","","1.6","3.2"
"448","Michael Burton","RB","DEN","0.8","0.3","-","0","2","0.2","-0.2","","","","","","","","","","","","0.5","3.1"
"448","Jamison Crowder","WR","WAS","0","0","-","0","3.1","0","0","","","","","","","","","","","","0.5","3.1"
"450","Elijah Dotson","RB","LAC","-","2.9","-","-","BYE","-","-","","","","","","","","","","","","2.9","2.9"
"450","Xavier Hutchinson","WR","HOU","1.4","0","-","0","0","1.5","BYE","","","","","","","","","","","","0.6","2.9"
"450","C.J. Ham","RB","MIN","1.7","-","1.2","0","0","0","-","","","","","","","","","","","","0.6","2.9"
"453","Chase Brown","RB","CIN","-","0.2","0","0.2","0.7","1.7","BYE","","","","","","","","","","","","0.6","2.8"
"454","Lawrence Cager","WR","NYG","2.7","-","-","-","-","0","-","","","","","","","","","","","","1.4","2.7"
"454","Jake Funk","RB","MIA","2.7","-","-","-","-","-","-","","","","","","","","","","","","2.7","2.7"
"454","Raheem Blackshear","RB","CAR","-","-","-","-","-","2.7","BYE","","","","","","","","","","","","2.7","2.7"
"457","Jameis Winston","QB","NO","-","-","4","-1","-0.4","-","-","","","","","","","","","","","","0.9","2.6"
"457","Zonovan Knight","RB","DET","-","-","1.3","-","1.3","-","-","","","","","","","","","","","","1.3","2.6"
"457","Trevon Wesco","TE","TEN","0","0","-","-","2.6","0","BYE","","","","","","","","","","","","0.7","2.6"
"457","Equanimeous St. Brown","WR","CHI","-","-","-","2.6","0","-","-","","","","","","","","","","","","1.3","2.6"
"461","Sterling Shepard","WR","NYG","0","0.9","-","1.1","1.8","0","-1.2","","","","","","","","","","","","0.4","2.6"
"462","Drew Sample","TE","CIN","0","0","1.2","0.4","0","0.9","BYE","","","","","","","","","","","","0.4","2.5"
"463","DeeJay Dallas","RB","SEA","2.3","0.3","1","0","BYE","0.4","-1.5","","","","","","","","","","","","0.4","2.5"
"464","Ben Sims","TE","GB","-","0","-","0","1.7","BYE","0.7","","","","","","","","","","","","0.6","2.4"
"465","Erik Ezukanma","WR","MIA","1.7","0.5","-","-","-","-","-","","","","","","","","","","","","1.1","2.2"
"465","Mecole Hardman Jr.","WR","KC","-","1.1","-","-","-","0","1.1","","","","","","","","","","","","0.7","2.2"
"467","Tyrion Davis-Price","RB","SF","-","-","-","-","2.1","-","-","","","","","","","","","","","","2.1","2.1"
"467","Anthony McFarland Jr.","RB","PIT","2.1","-","-","-","-","BYE","-","","","","","","","","","","","","2.1","2.1"
"467","Kenyan Drake","RB","FA","-","-","2.1","-","0","-","-","","","","","","","","","","","","1.1","2.1"
"470","Chase Edmonds","RB","TB","0.8","1.2","-","-","BYE","-","-","","","","","","","","","","","","1","2"
"470","Jack Stoll","TE","PHI","0","-","1.1","-","0.9","0","0","","","","","","","","","","","","0.4","2"
"470","Rakim Jarrett","WR","TB","0","1.2","-","0.8","BYE","0","0","","","","","","","","","","","","0.4","2"
"473","Rashaad Penny","RB","PHI","-","1.9","-","-","-","-","-","","","","","","","","","","","","1.9","1.9"
"474","Tyquan Thornton","WR","NE","-","-","-","-","-","1.1","0.7","","","","","","","","","","","","0.9","1.8"
"474","Devine Ozigbo","RB","DET","-","-","-","-","-","1.8","-","","","","","","","","","","","","1.8","1.8"
"476","Jakob Johnson","RB","LV","-","-","0","1.7","0","0","0","","","","","","","","","","","","0.3","1.7"
"476","Ross Dwelley","TE","SF","0","-","-","-","0","0","1.7","","","","","","","","","","","","0.4","1.7"
"478","Jalen Reagor","WR","NE","-","-","-","-","-","0","1.6","","","","","","","","","","","","0.8","1.6"
"478","Chris Evans","RB","CIN","1.6","-","-","-","0","0","BYE","","","","","","","","","","","","0.5","1.6"
"478","Johnny Mundt","TE","MIN","-","-","0","-","1.6","0","0","","","","","","","","","","","","0.4","1.6"
"481","Cody Thompson","WR","SEA","-","-","-","1.5","BYE","0","0","","","","","","","","","","","","0.5","1.5"
"481","Tucker Kraft","TE","GB","-","-","-","1.5","0","BYE","0","","","","","","","","","","","","0.5","1.5"
"481","Chris Manhertz","TE","DEN","0","-","0","1.5","0","0","0","","","","","","","","","","","","0.3","1.5"
"481","Darnell Washington","TE","PIT","0","-","-","1.5","0","BYE","0","","","","","","","","","","","","0.4","1.5"
"485","Keaton Mitchell","RB","BAL","-","-","-","-","-","-","1.4","","","","","","","","","","","","1.4","1.4"
"485","Willie Snead IV","WR","SF","-","-","-","1.4","-","-","-","","","","","","","","","","","","1.4","1.4"
"487","Payne Durham","TE","TB","-","-","-","-","BYE","1.3","0","","","","","","","","","","","","0.7","1.3"
"487","Deon Jackson","RB","NYG","1.3","-","-","-","-","-","-","","","","","","","","","","","","1.3","1.3"
"489","Trishton Jackson","WR","MIN","-","-","-","-","-","0","1.2","","","","","","","","","","","","0.6","1.2"
"489","Evan Hull","RB","IND","1.2","-","-","-","-","-","-","","","","","","","","","","","","1.2","1.2"
"491","Miles Boykin","WR","PIT","0","1","-","-","0","BYE","-","","","","","","","","","","","","0.3","1"
"491","Cedric Tillman","WR","CLE","0","-","-","1","BYE","-","-","","","","","","","","","","","","0.5","1"
"491","Zach Evans","RB","LAR","-","-","-","-","-","1","-","","","","","","","","","","","","1","1"
"494","Jesper Horsted","TE","LV","0","-","-","-","-","-","0.9","","","","","","","","","","","","0.5","0.9"
"494","Jeff Wilson Jr.","RB","MIA","-","-","-","-","-","-","0.9","","","","","","","","","","","","0.9","0.9"
"496","Tyler Huntley","QB","BAL","-","-","-","0.8","-","-","0","","","","","","","","","","","","0.4","0.8"
"496","Reggie Gilliam","RB","BUF","-","0.8","0","-","0","0","0","","","","","","","","","","","","0.2","0.8"
"496","Peyton Hendershot","TE","DAL","0","0","0.8","-","-","-","BYE","","","","","","","","","","","","0.3","0.8"
"496","Julio Jones","WR","PHI","-","-","-","-","-","-","0.8","","","","","","","","","","","","0.8","0.8"
"500","Mitch Trubisky","QB","PIT","-","-","-","0.7","-","BYE","-","","","","","","","","","","","","0.7","0.7"
"501","Cooper Rush","QB","DAL","0","0","-","0.6","0.1","-","BYE","","","","","","","","","","","","0.2","0.7"
"501","Kwamie Lassiter II","WR","CIN","-","-","-","-","0.7","-","BYE","","","","","","","","","","","","0.7","0.7"
"501","Giovanni Ricci","TE","CAR","0.7","-","-","0","-","0","BYE","","","","","","","","","","","","0.2","0.7"
"501","Antoine Green","WR","DET","-","0.7","-","-","0","0","0","","","","","","","","","","","","0.2","0.7"
"505","Keith Kirkwood","WR","NO","0","0","0","-","0.6","0","0","","","","","","","","","","","","0.1","0.6"
"506","Elijah Higgins","TE","ARI","-","-","-","-","-","-","0.5","","","","","","","","","","","","0.5","0.5"
"507","Dare Ogunbowale","RB","HOU","-","0.4","-","-","-","-","BYE","","","","","","","","","","","","0.4","0.4"
"508","Clayton Tune","QB","ARI","0","-","-","-","-","-","0.2","","","","","","","","","","","","0.1","0.2"
"509","C.J. Beathard","QB","JAC","-","-","0.4","-","-","-0.2","-","","","","","","","","","","","","0.1","0.2"
"510","Jalen Brooks","WR","DAL","-","-","-","-","-","0","BYE","","","","","","","","","","","","0","0"
"510","Dylan Drummond","WR","DET","-","-","-","-","0","-","-","","","","","","","","","","","","0","0"
"510","SaRodorick Thompson Jr.","RB","SEA","-","-","-","-","BYE","-","0","","","","","","","","","","","","0","0"
"510","Matt Sokol","TE","NE","-","-","-","-","-","-","0","","","","","","","","","","","","0","0"
"510","N'Keal Harry","WR","MIN","-","-","-","-","0","0","-","","","","","","","","","","","","0","0"
"510","Grant Calcaterra","TE","PHI","-","-","-","-","0","0","0","","","","","","","","","","","","0","0"
"510","Charlie Woerner","TE","SF","0","0","-","-","0","0","0","","","","","","","","","","","","0","0"
"510","Ty Johnson","RB","BUF","-","-","-","-","-","-","0","","","","","","","","","","","","0","0"
"510","Parker Hesse","TE","ATL","0","-","-","-","-","-","-","","","","","","","","","","","","0","0"
"510","Tucker Fisk","TE","ATL","-","-","-","-","-","-","0","","","","","","","","","","","","0","0"
"510","Rodney Williams","TE","PIT","-","-","-","-","0","BYE","0","","","","","","","","","","","","0","0"
"510","Darrell Daniels","TE","FA","-","-","-","-","0","0","-","","","","","","","","","","","","0","0"
"510","Kevin Rader","TE","TEN","-","-","-","-","0","0","BYE","","","","","","","","","","","","0","0"
"510","Davis Allen","TE","LAR","-","-","-","-","0","0","0","","","","","","","","","","","","0","0"
"510","Amari Rodgers","WR","FA","-","-","-","-","0","0","-","","","","","","","","","","","","0","0"
"510","Charlie Kolar","TE","BAL","0","-","-","-","-","0","0","","","","","","","","","","","","0","0"
"510","Irvin Charles","WR","NYJ","-","-","-","-","0","0","BYE","","","","","","","","","","","","0","0"
"510","Patrick Laird","RB","TB","-","-","-","-","BYE","0","-","","","","","","","","","","","","0","0"
"510","J.P. Holtz","TE","NO","-","-","-","-","-","0","-","","","","","","","","","","","","0","0"
"510","Tanner Conner","TE","MIA","-","-","-","-","-","0","0","","","","","","","","","","","","0","0"
"510","Jaelon Darden","WR","CLE","-","-","-","-","BYE","0","-","","","","","","","","","","","","0","0"
"510","Elijah Cooks","WR","JAC","-","-","-","-","-","0","0","","","","","","","","","","","","0","0"
"510","Keelan Doss","WR","LAC","-","-","-","-","BYE","0","0","","","","","","","","","","","","0","0"
"510","Godwin Igwebuike","RB","PIT","0","-","-","-","-","BYE","0","","","","","","","","","","","","0","0"
"510","Malik Davis","RB","DAL","-","-","-","-","-","0","BYE","","","","","","","","","","","","0","0"
"510","Tommy DeVito","QB","NYG","-","-","-","-","-","-","0","","","","","","","","","","","","0","0"
"510","Stephen Sullivan","TE","CAR","-","-","-","-","-","0","BYE","","","","","","","","","","","","0","0"
"510","Dwayne Washington","RB","DEN","-","-","-","-","-","-","0","","","","","","","","","","","","0","0"
"510","Brandon Bolden","RB","LV","0","-","-","-","-","-","-","","","","","","","","","","","","0","0"
"510","Kene Nwangwu","RB","MIN","-","-","-","-","-","-","0","","","","","","","","","","","","0","0"
"510","Chris Oladokun","QB","KC","-","-","-","-","-","0","-","","","","","","","","","","","","0","0"
"510","Matt Bushman","TE","KC","0","-","-","-","-","-","-","","","","","","","","","","","","0","0"
"510","Malik Cunningham","QB","FA","-","-","-","-","-","0","-","","","","","","","","","","","","0","0"
"510","Mohamed Ibrahim","RB","DET","-","-","-","-","-","-","0","","","","","","","","","","","","0","0"
"510","Easop Winston Jr.","WR","SEA","-","-","-","-","BYE","-","0","","","","","","","","","","","","0","0"
"510","Colton Dowell","WR","TEN","-","-","-","0","-","0","BYE","","","","","","","","","","","","0","0"
"510","Jordan Mims","RB","NO","-","-","-","-","0","0","-","","","","","","","","","","","","0","0"
"510","John FitzPatrick","TE","ATL","-","-","0","-","0","-","-","","","","","","","","","","","","0","0"
"510","Marlon Mack","RB","ARI","0","-","-","-","-","-","-","","","","","","","","","","","","0","0"
"510","Corey Clement","RB","ARI","-","-","-","-","0","-","-","","","","","","","","","","","","0","0"
"510","Montrell Washington","WR","KC","-","-","0","0","0","0","-","","","","","","","","","","","","0","0"
"510","Mason Kinsey","WR","TEN","-","-","0","0","-","-","BYE","","","","","","","","","","","","0","0"
"510","Justin Hardee","WR","NYJ","-","-","0","-","0","-","BYE","","","","","","","","","","","","0","0"
"510","Britain Covey","WR","PHI","0","0","0","0","0","0","0","","","","","","","","","","","","0","0"
"510","Andy Isabella","WR","BUF","-","-","0","-","-","-","-","","","","","","","","","","","","0","0"
"510","Brady Russell","TE","SEA","-","-","0","-","BYE","-","0","","","","","","","","","","","","0","0"
"510","Kayshon Boutte","WR","NE","0","-","-","-","-","-","-","","","","","","","","","","","","0","0"
"510","Aaron Rodgers","QB","NYJ","0","-","-","-","-","-","BYE","","","","","","","","","","","","0","0"
"510","Kearis Jackson","WR","TEN","0","0","-","-","-","-","BYE","","","","","","","","","","","","0","0"
"510","Cephus Johnson III","WR","TB","0","-","-","0","BYE","-","-","","","","","","","","","","","","0","0"
"510","Julian Hill","TE","MIA","-","-","0","0","0","0","0","","","","","","","","","","","","0","0"
"510","Dalton Keene","TE","HOU","-","-","0","-","-","-","BYE","","","","","","","","","","","","0","0"
"510","Tre' McKitty","TE","LAC","-","-","0","-","BYE","0","-","","","","","","","","","","","","0","0"
"510","Malik Heath","WR","GB","0","0","0","-","-","BYE","-","","","","","","","","","","","","0","0"
"510","Tre'Quan Smith","WR","DEN","0","-","-","-","-","-","-","","","","","","","","","","","","0","0"
"510","Phillip Dorsett II","WR","DEN","0","-","-","-","-","-","-","","","","","","","","","","","","0","0"
"510","Sean Clifford","QB","GB","0","-","-","-","-","BYE","-","","","","","","","","","","","","0","0"
"510","Devon Allen","WR","PHI","-","-","0","-","-","-","-","","","","","","","","","","","","0","0"
"510","Travis Homer","RB","CHI","0","-","0","0","-","-","0","","","","","","","","","","","","0","0"
"510","Julius Chestnut","RB","TEN","-","0","-","-","-","-","BYE","","","","","","","","","","","","0","0"
"510","Greg Dortch","WR","ARI","0","0","0","0","0","0","0","","","","","","","","","","","","0","0"
"510","Parker Washington","WR","JAC","-","-","-","0","-","-","-","","","","","","","","","","","","0","0"
"510","Lynn Bowden Jr.","WR","NO","-","-","-","0","0","0","0","","","","","","","","","","","","0","0"
"510","Matthew Slater","WR","NE","-","-","-","0","0","-","0","","","","","","","","","","","","0","0"
"510","Kirk Merritt","WR","FA","-","0","-","-","-","-","-","","","","","","","","","","","","0","0"
"510","James Mitchell","TE","DET","0","-","-","-","-","-","-","","","","","","","","","","","","0","0"
"510","Simi Fehoko","WR","LAC","-","-","-","0","BYE","-","-","","","","","","","","","","","","0","0"
"510","Laquon Treadwell","WR","BAL","-","-","-","0","0","-","-","","","","","","","","","","","","0","0"
"510","Isaiah Winstead","WR","SF","-","-","-","0","-","-","-","","","","","","","","","","","","0","0"
"510","Ko Kieft","TE","TB","0","-","-","0","BYE","0","0","","","","","","","","","","","","0","0"
"510","David Wells","TE","TB","-","0","-","-","BYE","-","-","","","","","","","","","","","","0","0"
"510","James Winchester","TE","KC","-","-","-","0","-","-","-","","","","","","","","","","","","0","0"
"510","Brayden Willis","TE","SF","-","-","-","0","-","-","-","","","","","","","","","","","","0","0"
"510","Ihmir Smith-Marsette","WR","CAR","0","0","0","0","0","0","BYE","","","","","","","","","","","","0","0"
"510","Sean McKeon","TE","DAL","-","-","-","0","0","0","BYE","","","","","","","","","","","","0","0"
"510","JaMycal Hasty","RB","JAC","-","-","-","0","0","-","-","","","","","","","","","","","","0","0"
"510","Bryant Koback","RB","SEA","-","-","-","0","BYE","-","-","","","","","","","","","","","","0","0"
"510","Trent Taylor","WR","CHI","0","0","-","0","0","0","0","","","","","","","","","","","","0","0"
"510","Derrick Gore","RB","WAS","-","-","-","0","0","-","-","","","","","","","","","","","","0","0"
"510","Jalen Nailor","WR","MIN","0","-","-","-","-","-","-","","","","","","","","","","","","0","0"
"590","Jake Browning","QB","CIN","-0.1","-","-","-","-","-","BYE","","","","","","","","","","","","-0.1","-0.1"
"591","Teddy Bridgewater","QB","DET","-","-","-","-","-0.2","-","-","","","","","","","","","","","","-0.2","-0.2"
"592","Nathan Peterman","QB","CHI","-","-","-","-","-","-","-0.4","","","","","","","","","","","","-0.4","-0.4"
"593","Sam Darnold","QB","SF","-0.2","-","-0.1","-0.1","-0.1","-","-","","","","","","","","","","","","-0.1","-0.5"
"593","Adam Prentice","RB","NO","0","-","-","-0.5","0","-","-","","","","","","","","","","","","-0.2","-0.5"
"595","Kyle Allen","QB","BUF","-","-0.2","-0.2","-0.3","-","0","-","","","","","","","","","","","","-0.2","-0.7"
"596","Blaine Gabbert","QB","KC","-","-","-0.9","-","-","-","-","","","","","","","","","","","","-0.9","-0.9"
"597","Richie James Jr.","WR","KC","1.1","-2","-","-","-","-","-","","","","","","","","","","","","-0.5","-0.9"
"597","Kyle Philips","WR","TEN","-","-","-","-","0","-0.9","BYE","","","","","","","","","","","","-0.5","-0.9"
"599","Austin Trammell","WR","LAR","-","0","-","0","0","-2","0","","","","","","","","","","","","-0.4","-2"
"600","Gunner Olszewski","WR","NYG","-","-1.5","-","-","-2","-","-","","","","","","","","","","","","-1.8","-3.5"
""
""