nfl_players_list_id,week,Position,First Name,Nickname,Last Name,FPPG,Played,Salary,Game,Team,Opponent,Injury Indicator,Injury Details,Roster Position,RK,MATCHUP ,START/SIT,PROJ. FPTS,Rank,PTS_AVG,PTS_TTL,TGT_AVG,TGT_TTL,dpp,1,2,3,4,5,6,7,8,9,10,11,12,13,14,15,16,17,18
,8,D,Philadelphia,PHI,Eagles,8.428571429,7,5000,PHI@WAS,PHI,WAS,,,DEF,1,5 out of 5 stars,A+,8.6,125,8.3,58,0,,602,13,7,12,5,5,6,10,,,,,,,,,,,
,8,D,Dallas,DAL,Cowboys,13.83333333,6,4900,LAR@DAL,DAL,LAR,,,DEF,7,1 out of 5 stars,B,7.2,52,13.8,83,0,,355,37,15,1,27,-1,4,,,,,,,,,,,,
,8,D,Baltimore,BAL,Ravens,10,7,4800,BAL@ARI,BAL,ARI,,,DEF,3,3 out of 5 stars,A,7.8,82,9.9,69,0,,485,11,3,7,17,6,11,14,,,,,,,,,,,
,8,D,Miami,MIA,Dolphins,6.428571429,7,4600,NE@MIA,MIA,NE,,,DEF,12,5 out of 5 stars,B-,7.1,176,6.4,45,0,,719,2,9,8,-2,11,5,12,,,,,,,,,,,
,8,D,Kansas City,KC,Chiefs,8.571428571,7,4500,KC@DEN,KC,DEN,,,DEF,5,4 out of 5 stars,B+,7.3,119,8.6,60,0,,523,4,10,11,5,6,14,10,,,,,,,,,,,
,8,D,New York,NYJ,Jets,10,6,4400,NYJ@NYG,NYJ,NYG,,,DEF,4,5 out of 5 stars,B+,7.5,130,9.5,57,0,,463,20,0,1,7,18,11,,,,,,,,,,,,
,8,D,Seattle,SEA,Seahawks,10.16666667,6,4300,CLE@SEA,SEA,CLE,,,DEF,13,5 out of 5 stars,B-,7,115,10.2,61,0,,422,1,13,3,30,,6,8,,,,,,,,,,,
,8,D,San Francisco,SF,49ers,7.571428571,7,4200,CIN@SF,SF,CIN,,,DEF,9,3 out of 5 stars,B,7.2,148,7.6,53,0,,553,13,5,8,2,16,7,2,,,,,,,,,,,
,8,D,Jacksonville,JAC,Jaguars,9.142857143,7,4200,JAC@PIT,JAC,PIT,,,DEF,19,3 out of 5 stars,D+,6.1,115,8.7,61,0,,483,11,8,-4,20,5,12,9,,,,,,,,,,,
,8,D,Cleveland,CLE,Browns,9,6,4100,CLE@SEA,CLE,SEA,,,DEF,6,2 out of 5 stars,B+,7.3,146,9,54,0,,456,9,7,12,4,,6,16,,,,,,,,,,,
,8,D,Tennessee,TEN,Titans,5.833333333,6,4100,ATL@TEN,TEN,ATL,,,DEF,20,5 out of 5 stars,D,6,219,5.8,35,0,,707,9,3,5,12,1,5,,,,,,,,,,,,
,8,D,New Orleans,NO,Saints,9,7,4000,NO@IND,NO,IND,,,DEF,10,3 out of 5 stars,B-,7.2,104,9,63,0,,444,10,7,10,3,24,5,4,,,,,,,,,,,
,8,D,Houston,HOU,Texans,7.666666667,6,4000,HOU@CAR,HOU,CAR,,,DEF,17,5 out of 5 stars,C-,6.7,170,7.7,46,0,,519,8,-1,13,12,4,10,,,,,,,,,,,,
,8,D,Atlanta,ATL,Falcons,5.142857143,7,3900,ATL@TEN,ATL,TEN,,,DEF,14,3 out of 5 stars,C+,6.9,215,5.1,36,0,,765,12,1,3,3,1,5,11,,,,,,,,,,,
,8,D,New York,NYG,Giants,4.714285714,7,3900,NYJ@NYG,NYG,NYJ,,,DEF,15,2 out of 5 stars,C,6.9,230,4.7,33,0,,830,-1,-1,1,3,12,5,14,,,,,,,,,,,
,8,D,Green Bay,GB,Packers,6.666666667,6,3800,MIN@GB,GB,MIN,,,DEF,18,3 out of 5 stars,D+,6.2,210,6.2,37,0,,613,15,3,5,3,9,,2,,,,,,,,,,,
,8,D,Indianapolis,IND,Colts,6,7,3800,NO@IND,IND,NO,,,DEF,21,4 out of 5 stars,D,5.9,189,6,42,0,,633,11,9,9,3,4,1,5,,,,,,,,,,,
,8,D,Pittsburgh,PIT,Steelers,10.5,6,3800,JAC@PIT,PIT,JAC,,,DEF,16,3 out of 5 stars,C,6.7,104,10.5,63,0,,362,4,26,11,-1,18,,5,,,,,,,,,,,
,8,D,Minnesota,MIN,Vikings,8.142857143,7,3700,MIN@GB,MIN,GB,,,DEF,23,3 out of 5 stars,D-,5.8,130,8.1,57,0,,457,2,5,2,17,2,21,8,,,,,,,,,,,
,8,D,Cincinnati,CIN,Bengals,9.5,6,3600,CIN@SF,CIN,SF,,,DEF,28,1 out of 5 stars,F,5.3,130,9.5,57,0,,379,7,6,11,5,16,12,,,,,,,,,,,,
,8,D,Carolina,CAR,Panthers,4.333333333,6,3500,HOU@CAR,CAR,HOU,,,DEF,27,1 out of 5 stars,F,5.5,261,4.3,26,0,,814,4,7,0,13,-2,4,,,,,,,,,,,,
,8,D,Los Angeles,LAR,Rams,4.285714286,7,3400,LAR@DAL,LAR,DAL,,,DEF,25,1 out of 5 stars,F,5.6,244,4.3,30,0,,791,6,0,5,4,3,10,2,,,,,,,,,,,
,8,D,Washington,WAS,Commanders,6,7,3300,PHI@WAS,WAS,PHI,,,DEF,24,3 out of 5 stars,F,5.7,165,6.9,48,0,,478,11,10,1,8,-1,10,9,,,,,,,,,,,
,8,D,Arizona,ARI,Cardinals,6.142857143,7,3200,BAL@ARI,ARI,BAL,,,DEF,29,2 out of 5 stars,F,5.2,182,6.1,43,0,,525,19,4,5,-3,4,5,9,,,,,,,,,,,
,8,D,New England,NE,Patriots,4.571428571,7,3100,NE@MIA,NE,MIA,,,DEF,26,2 out of 5 stars,F,5.5,239,4.4,31,0,,705,6,5,9,3,1,2,5,,,,,,,,,,,
,8,D,Denver,DEN,Broncos,4.857142857,7,3000,KC@DEN,DEN,KC,,,DEF,32,2 out of 5 stars,F,4.7,226,4.9,34,0,,612,3,0,2,13,8,5,3,,,,,,,,,,,
,8,QB,Jalen,Jalen Hurts,Hurts,22.89142936,7,9200,PHI@WAS,PHI,WAS,Q,Knee,QB,1,4 out of 5 stars,A+,23.8,2,22.9,160.2,0,,402,12.5,26.2,21.9,24.2,28.3,22.9,24.3,,,,,,,,,,,
,8,QB,Patrick,Patrick Mahomes,Mahomes,22.29714312,7,9000,KC@DEN,KC,DEN,,,QB,2,5 out of 5 stars,A+,23.3,5,22.3,156.1,0,,404,20.5,22.2,25.7,15.2,19.2,18.3,34.9,,,,,,,,,,,
,8,QB,Lamar,Lamar Jackson,Jackson,21.38571385,7,8800,BAL@ARI,BAL,ARI,,,QB,4,5 out of 5 stars,A,21.2,6,21.4,149.7,0,,411,7.6,22.9,28.2,28.1,10.9,18.1,33.9,,,,,,,,,,,
,8,QB,Tua,Tua Tagovailoa,Tagovailoa,19.63999939,7,8200,NE@MIA,MIA,NE,,,QB,6,4 out of 5 stars,A-,19,7,19.6,137.5,0,,418,28.1,13.3,28.4,15,18.9,22.5,11.3,,,,,,,,,,,
,8,QB,Kirk,Kirk Cousins,Cousins,19.26857213,7,7700,MIN@GB,MIN,GB,,,QB,12,3 out of 5 stars,B-,16.3,9,19.3,134.9,0,,399,17.5,28.6,26.7,11.6,19.9,8.7,22,,,,,,,,,,,
,8,QB,Jordan,Jordan Love,Love,18.75333277,6,7600,MIN@GB,GB,MIN,,,QB,13,3 out of 5 stars,C+,16.2,20,18.8,112.5,0,,404,23,20.3,25.3,19.6,8,,16.3,,,,,,,,,,,
,8,QB,Trevor,Trevor Lawrence,Lawrence,15.61714281,7,7500,JAC@PIT,JAC,PIT,,,QB,8,2 out of 5 stars,B,17.7,23,15.6,109.3,0,,481,18.7,9.2,15.4,16.5,15.7,15.7,18.1,,,,,,,,,,,
,8,QB,C.J.,C.J. Stroud,Stroud,17.23333359,6,7400,HOU@CAR,HOU,CAR,,,QB,9,2 out of 5 stars,B,17.1,28,17.2,103.4,0,,430,10.2,21.5,20.6,21.8,14.2,15.2,,,,,,,,,,,,
,8,QB,Dak,Dak Prescott,Prescott,14.63666662,6,7300,LAR@DAL,DAL,LAR,,,QB,16,2 out of 5 stars,C,15.9,42,14.6,87.8,0,,500,6.3,19.6,15.4,14.3,7.3,24.9,,,,,,,,,,,,
,8,QB,Brock,Brock Purdy,Purdy,17.53142875,7,7200,CIN@SF,SF,CIN,,,QB,11,3 out of 5 stars,B,16.5,15,17.5,122.7,0,,411,16.8,14.7,20.3,21.3,26.1,8.7,14.8,,,,,,,,,,,
,8,QB,Joe,Joe Burrow,Burrow,12.09999975,6,7100,CIN@SF,CIN,SF,,,QB,10,2 out of 5 stars,B,16.7,72,12.1,72.6,0,,587,3.2,16.4,9.2,4.7,24.4,14.8,,,,,,,,,,,,
,8,QB,Russell,Russell Wilson,Wilson,17.29428537,7,7000,KC@DEN,DEN,KC,,,QB,14,2 out of 5 stars,C+,16.1,16,17.3,121.1,0,,405,15.2,26.9,15.2,22.2,18.7,8.9,13.9,,,,,,,,,,,
,8,QB,Deshaun,Deshaun Watson,Watson,13.65499973,4,7000,CLE@SEA,CLE,SEA,Q,Shoulder,QB,24,4 out of 5 stars,F,14.5,144,13.7,54.6,0,,511,21.7,12.6,21.2,,,,-0.8,,,,,,,,,,,
,8,QB,Sam,Sam Howell,Howell,16.6942858,7,6900,PHI@WAS,WAS,PHI,,,QB,17,4 out of 5 stars,C,15.9,17,16.7,116.9,0,,413,16.2,21.3,4.6,19.6,26.4,18.3,10.5,,,,,,,,,,,
,8,QB,Gardner,Gardner Minshew II,Minshew II,11.86333338,6,6900,NO@IND,IND,NO,,,QB,21,2 out of 5 stars,D,15.3,77,11.9,71.2,0,,580,0,11.1,13.1,,6.3,12.6,28.1,,,,,,,,,,,
,8,QB,Tyrod,Tyrod Taylor,Taylor,7.468000031,5,6800,NYJ@NYG,NYG,NYJ,,,QB,28,2 out of 5 stars,F,13.6,208,7.5,37.3,0,,907,0.2,,0.2,,4.8,10.4,21.7,,,,,,,,,,,
,8,QB,Desmond,Desmond Ridder,Ridder,14.91428593,7,6700,ATL@TEN,ATL,TEN,,,QB,18,4 out of 5 stars,C-,15.8,27,14.9,104.4,0,,450,8.4,22.4,6.3,8.2,26.2,19.1,13.8,,,,,,,,,,,
,8,QB,Mac,Mac Jones,Jones,11.88571385,7,6700,NE@MIA,NE,MIA,,,QB,27,4 out of 5 stars,F,13.8,51,11.9,83.2,0,,563,25.1,14.7,13.3,2.7,0.4,6.9,20,,,,,,,,,,,
,8,QB,Zach,Zach Wilson,Wilson,11.11333338,6,6600,NYJ@NYG,NYJ,NYG,,,QB,29,4 out of 5 stars,F,13.5,91,11.1,66.7,0,,595,9.2,11.4,6.4,19.2,9.6,10.9,,,,,,,,,,,,
,8,QB,Derek,Derek Carr,Carr,12.29999978,7,6600,NO@IND,NO,IND,,,QB,22,3 out of 5 stars,D,15.1,46,12.3,86.1,0,,537,15.6,7.7,8.1,3.2,15.7,17.3,18.4,,,,,,,,,,,
,8,QB,Bryce,Bryce Young,Young,12.63600006,5,6600,HOU@CAR,CAR,HOU,,,QB,19,3 out of 5 stars,D+,15.6,103,12.6,63.2,0,,524,9.5,13.5,,7.2,20.3,12.7,,,,,,,,,,,,
,8,QB,Joshua,Joshua Dobbs,Dobbs,14.94857134,7,6600,BAL@ARI,ARI,BAL,,,QB,26,2 out of 5 stars,F,14.1,25,14.9,104.6,0,,443,1,25.2,17.1,23.4,10.7,11.1,16.1,,,,,,,,,,,
,8,QB,Matthew,Matthew Stafford,Stafford,15.17428589,7,6500,LAR@DAL,LAR,DAL,,,QB,15,2 out of 5 stars,C,16.1,24,15.2,106.2,0,,428,14.5,16,13.5,17.2,16.9,13.2,15,,,,,,,,,,,
,8,QB,Ryan,Ryan Tannehill,Tannehill,9.519999822,6,6500,ATL@TEN,TEN,ATL,Q,Ankle,QB,37,3 out of 5 stars,F,0,128,9.5,57.1,0,,684,5.4,21,4.2,13.7,10.8,2,,,,,,,,,,,,
,8,QB,Malik,Malik Willis,Willis,4.659999847,1,6500,ATL@TEN,TEN,ATL,,,QB,32,3 out of 5 stars,F,12.8,419,4.7,4.7,0,,1383,,,,,,4.7,,,,,,,,,,,,
,8,QB,Geno,Geno Smith,Smith,14.1899999,6,6500,CLE@SEA,SEA,CLE,,,QB,20,3 out of 5 stars,D,15.4,48,14.2,85.1,0,,458,9.1,23.1,16.4,8.7,,13,14.8,,,,,,,,,,,
,8,QB,Kenny,Kenny Pickett,Pickett,12.24666723,6,6500,JAC@PIT,PIT,JAC,,,QB,23,3 out of 5 stars,D-,14.8,70,12.2,73.5,0,,533,11.7,11.3,18.5,4.5,12.4,,15.2,,,,,,,,,,,
,8,RB,Christian,Christian McCaffrey,McCaffrey,22.51428659,7,10200,CIN@SF,SF,CIN,,,RB/FLEX,1,4 out of 5 stars,A+,20.8,4,22.5,157.6,4.3,30,453,24.4,21,20.4,45.2,12.8,12.7,21.1,,,,,,,,,,,
,8,RB,Raheem,Raheem Mostert,Mostert,19.42857143,7,9000,NE@MIA,MIA,NE,,,RB/FLEX,11,3 out of 5 stars,A-,14.3,8,19.4,136,3.3,23,464,12,25.2,41.7,4,14.8,32.7,5.6,,,,,,,,,,,
,8,RB,Travis,Travis Etienne Jr.,Etienne Jr.,18,7,8700,JAC@PIT,JAC,PIT,,,RB/FLEX,2,4 out of 5 stars,A+,17,13,18,126,4.1,29,483,18.9,5.2,15.8,8.7,34.4,21.8,21.2,,,,,,,,,,,
,8,RB,Kenneth,Kenneth Walker III,Walker III,16.34999975,6,8500,CLE@SEA,SEA,CLE,,,RB/FLEX,9,2 out of 5 stars,A,15.1,33,16.4,98.1,2.7,16,518,8.7,17.9,29.1,13.9,,16.4,12.1,,,,,,,,,,,
,8,RB,Alvin,Alvin Kamara,Kamara,17.32500076,4,8300,NO@IND,NO,IND,,,RB/FLEX,5,3 out of 5 stars,A,15.3,81,17.3,69.3,9.8,39,480,,,,14.9,17.2,13.9,23.3,,,,,,,,,,,
,8,RB,Saquon,Saquon Barkley,Barkley,15.27499962,4,8100,NYJ@NYG,NYG,NYJ,Q,Elbow,RB/FLEX,10,2 out of 5 stars,A,14.7,113,15.3,61.1,5,20,529,7.8,24.2,,,,11.8,17.3,,,,,,,,,,,
,8,RB,Derrick,Derrick Henry,Henry,13.6299998,6,8000,ATL@TEN,TEN,ATL,,,RB/FLEX,15,3 out of 5 stars,B+,13.4,55,13.6,81.8,2.2,13,588,12.9,17,2,23.9,7.7,18.3,,,,,,,,,,,,
,8,RB,D'Andre,D'Andre Swift,Swift,13.31428528,7,7700,PHI@WAS,PHI,WAS,,,RB/FLEX,8,3 out of 5 stars,A,15.2,38,13.3,93.2,4.3,30,579,0.8,25.6,14.3,15.9,13.8,13.8,9,,,,,,,,,,,
,8,RB,Tony,Tony Pollard,Pollard,13.18333308,6,7600,LAR@DAL,DAL,LAR,,,RB/FLEX,4,3 out of 5 stars,A,15.7,59,13.2,79.1,4.8,29,576,21.2,16.4,13.6,7.5,6.4,14,,,,,,,,,,,,
,8,RB,Isiah,Isiah Pacheco,Pacheco,13.24285671,7,7400,KC@DEN,KC,DEN,,,RB/FLEX,6,3 out of 5 stars,A,15.3,39,13.2,92.7,3.3,23,561,7.4,7.5,14.8,23.3,12.9,12.8,14,,,,,,,,,,,
,8,RB,Breece,Breece Hall,Hall,12.06666692,6,7200,NYJ@NYG,NYJ,NYG,,,RB/FLEX,7,3 out of 5 stars,A,15.2,76,12.1,72.4,3,18,595,15.2,0.9,3.2,8.4,26.9,17.8,,,,,,,,,,,,
,8,RB,Jonathan,Jonathan Taylor,Taylor,10.80000051,3,7100,NO@IND,IND,NO,,,RB/FLEX,16,3 out of 5 stars,B,12.8,235,10.8,32.4,3.7,11,657,,,,,3.9,9,19.5,,,,,,,,,,,
,8,RB,Bijan,Bijan Robinson,Robinson,11.75714329,7,7100,ATL@TEN,ATL,TEN,Q,Illness,RB/FLEX,12,3 out of 5 stars,A-,14.2,53,11.8,82.3,4.6,32,602,17.3,19.2,8,16.2,10.8,10.5,0.3,,,,,,,,,,,
,8,RB,Kareem,Kareem Hunt,Hunt,8.850000381,4,7000,CLE@SEA,CLE,SEA,,,RB/FLEX,29,2 out of 5 stars,C,9.5,217,8.9,35.4,1.8,7,787,,,4.5,1.2,,14.6,15.1,,,,,,,,,,,
,8,RB,Jerome,Jerome Ford,Ford,12.63333384,6,7000,CLE@SEA,CLE,SEA,D,Ankle,RB/FLEX,74,2 out of 5 stars,F,2,66,12.6,75.8,3.2,19,556,1.6,22.6,18.1,7,,10.1,16.4,,,,,,,,,,,
,8,RB,Aaron,Aaron Jones,Jones,11.59999975,3,6800,MIN@GB,GB,MIN,,,RB/FLEX,19,2 out of 5 stars,B,12,220,11.6,34.8,3.7,11,586,25.7,,,1.9,,,7.2,,,,,,,,,,,
,8,RB,Dameon,Dameon Pierce,Pierce,7.833333333,6,6700,HOU@CAR,HOU,CAR,,,RB/FLEX,28,5 out of 5 stars,C,9.7,167,7.8,47,2,12,859,5.7,4.5,13.4,11.3,8.7,3.4,,,,,,,,,,,,
,8,RB,Gus,Gus Edwards,Edwards,8.557143075,7,6600,BAL@ARI,BAL,ARI,,,RB/FLEX,24,4 out of 5 stars,C+,10.4,121,8.6,59.9,0.7,5,767,5.2,12.2,5.1,5.9,4.8,5.8,20.9,,,,,,,,,,,
,8,RB,AJ,AJ Dillon,Dillon,6.650000254,6,6500,MIN@GB,GB,MIN,,,RB/FLEX,38,2 out of 5 stars,C-,7.5,199,6.7,39.9,1.3,8,970,4.6,6.8,3.3,1.1,13.6,,10.5,,,,,,,,,,,
,8,RB,Joe,Joe Mixon,Mixon,10.16666667,6,6500,CIN@SF,CIN,SF,,,RB/FLEX,17,3 out of 5 stars,B,12.6,115,10.2,61,3.5,21,637,8.8,11.5,13.5,8.1,11.4,7.7,,,,,,,,,,,,
,8,RB,Rhamondre,Rhamondre Stevenson,Stevenson,9.5,7,6400,NE@MIA,NE,MIA,,,RB/FLEX,25,5 out of 5 stars,C+,10.1,93,9.5,66.5,4.3,30,674,11.9,13.5,6.7,5,2.4,15.5,11.5,,,,,,,,,,,
,8,RB,Miles,Miles Sanders,Sanders,7.319999695,5,6300,HOU@CAR,CAR,HOU,Q,Shoulder,RB/FLEX,35,3 out of 5 stars,C-,8.2,214,7.3,36.6,4.8,24,863,9.8,6.2,14.7,4.7,1.2,,,,,,,,,,,,,
,8,RB,Najee,Najee Harris,Harris,7.53333346,6,6300,JAC@PIT,PIT,JAC,,,RB/FLEX,31,3 out of 5 stars,C,9.1,175,7.5,45.2,2,12,840,4.3,4.8,6.5,10.8,4.5,,14.3,,,,,,,,,,,
,8,RB,Chuba,Chuba Hubbard,Hubbard,7.099999746,6,6300,HOU@CAR,CAR,HOU,,,RB/FLEX,30,3 out of 5 stars,C,9.3,186,7.1,42.6,2.5,15,887,7.9,7.5,1.4,6.3,4,15.5,,,,,,,,,,,,
,8,RB,Elijah,Elijah Mitchell,Mitchell,1.625,4,6200,CIN@SF,SF,CIN,,,RB/FLEX,49,4 out of 5 stars,F,5.1,394,1.6,6.5,1,4,3875,1,,5.9,,,-0.3,-0.1,,,,,,,,,,,
,8,RB,Tyler,Tyler Allgeier,Allgeier,8.157142639,7,6200,ATL@TEN,ATL,TEN,,,RB/FLEX,37,3 out of 5 stars,C-,7.6,129,8.2,57.1,1.9,13,756,22.9,4.8,3.9,1.7,6,5.1,12.7,,,,,,,,,,,
,8,RB,Zack,Zack Moss,Moss,17.21666718,6,6100,NO@IND,IND,NO,,,RB/FLEX,32,3 out of 5 stars,C,9,29,17.2,103.3,3.2,19,355,,18.7,21.5,9,32.5,14.9,6.7,,,,,,,,,,,
,8,RB,Brian,Brian Robinson Jr.,Robinson Jr.,12.47142901,7,6100,PHI@WAS,WAS,PHI,,,RB/FLEX,26,2 out of 5 stars,C,10.1,43,12.5,87.3,2,14,488,13.1,27.9,7,12.1,6.3,12.6,8.3,,,,,,,,,,,
,8,RB,Alexander,Alexander Mattison,Mattison,9.514285496,7,6100,MIN@GB,MIN,GB,,,RB/FLEX,21,5 out of 5 stars,B-,11.1,92,9.5,66.6,4.4,31,642,11.9,3.4,15,10.3,11.6,9.2,5.2,,,,,,,,,,,
,8,RB,Javonte,Javonte Williams,Williams,7.116666794,6,6000,KC@DEN,DEN,KC,,,RB/FLEX,23,3 out of 5 stars,C+,10.5,185,7.1,42.7,3.2,19,845,7.7,6.8,7.5,2.4,,7.2,11.1,,,,,,,,,,,
,8,RB,Darrell,Darrell Henderson Jr.,Henderson Jr.,13.10000038,1,5900,LAR@DAL,LAR,DAL,,,RB/FLEX,27,2 out of 5 stars,C,10,333,13.1,13.1,2,2,450,,,,,,,13.1,,,,,,,,,,,
,8,RB,Jeff,Jeff Wilson Jr.,Wilson Jr.,0.899999976,1,5800,NE@MIA,MIA,NE,,,RB/FLEX,47,3 out of 5 stars,D-,5.6,494,0.9,0.9,1,1,6444,,,,,,,0.9,,,,,,,,,,,
,8,RB,Jaylen,Jaylen Warren,Warren,8.183333079,6,5800,JAC@PIT,PIT,JAC,,,RB/FLEX,33,3 out of 5 stars,C,8.8,162,8.2,49.1,4.5,27,707,4.3,10.6,6.7,8.5,9.4,,9.6,,,,,,,,,,,
,8,RB,Jordan,Jordan Mason,Mason,6.375,4,5700,CIN@SF,SF,CIN,,,RB/FLEX,64,4 out of 5 stars,F,3.6,264,4.3,25.5,0.3,2,1326,,0,1.1,2.8,12.9,8.7,0,,,,,,,,,,,
,8,RB,Ezekiel,Ezekiel Elliott,Elliott,6.399999891,7,5700,NE@MIA,NE,MIA,,,RB/FLEX,43,5 out of 5 stars,D,6.5,178,6.4,44.8,2.4,17,891,4.8,1.3,9.2,3.2,5.8,11.4,9.1,,,,,,,,,,,
,8,RB,Emari,Emari Demercado,Demercado,4.916666667,6,5600,BAL@ARI,ARI,BAL,,,RB/FLEX,34,3 out of 5 stars,C,8.3,248,4.9,29.5,2.1,15,1143,,1.5,0.2,3.9,12.2,2.2,9.5,,,,,,,,,,,
,8,RB,Kenneth,Kenneth Gainwell,Gainwell,5.416666667,6,5600,PHI@WAS,PHI,WAS,,,RB/FLEX,53,3 out of 5 stars,F,4.8,234,5.4,32.5,2,12,1037,9.4,,5.3,5.1,2.9,2.2,7.6,,,,,,,,,,,
,8,RB,Royce,Royce Freeman,Freeman,6.599999905,1,5500,LAR@DAL,LAR,DAL,,,RB/FLEX,44,2 out of 5 stars,D,6.2,392,2.2,6.6,0,0,2500,,,0,0,,,6.6,,,,,,,,,,,
,8,RB,Devin,Devin Singletary,Singletary,4.156666756,6,5400,HOU@CAR,HOU,CAR,,,RB/FLEX,40,5 out of 5 stars,D+,7.2,268,4.2,24.9,1.2,7,1286,1.5,2.9,5.5,8.3,0,6.7,,,,,,,,,,,,
,8,RB,Pierre,Pierre Strong Jr.,Strong Jr.,4.050000191,4,5300,CLE@SEA,CLE,SEA,,,RB/FLEX,46,2 out of 5 stars,D,6.1,315,2.7,16.2,0.2,1,1963,0,6.1,2.7,4.9,,0,2.5,,,,,,,,,,,
,8,RB,Justice,Justice Hill,Hill,7.299999873,6,5300,BAL@ARI,BAL,ARI,,,RB/FLEX,39,4 out of 5 stars,D+,7.3,181,7.3,43.8,1.8,11,726,12.9,6.8,,3.3,10.5,5,5.3,,,,,,,,,,,
,8,RB,Cordarrelle,Cordarrelle Patterson,Patterson,2.633333365,3,5200,ATL@TEN,ATL,TEN,,,RB/FLEX,60,3 out of 5 stars,F,4.1,380,2.6,7.9,0.5,2,2000,,,,,1.2,1.1,5.6,,,,,,,,,,,
,8,RB,Boston,Boston Scott,Scott,1.899999976,4,5200,PHI@WAS,PHI,WAS,,,RB/FLEX,78,3 out of 5 stars,F,1.6,381,1.9,7.6,0.5,2,2737,1.5,4,,,,2.1,0,,,,,,,,,,,
,8,RB,Cam,Cam Akers,Akers,5.379999924,5,5200,MIN@GB,MIN,GB,,,RB/FLEX,57,5 out of 5 stars,F,4.6,257,5.4,26.9,1.6,8,963,8.9,,,6.1,2.8,2,7.1,,,,,,,,,,,
,8,RB,Matt,Matt Breida,Breida,3.82857132,7,5100,NYJ@NYG,NYG,NYJ,,,RB/FLEX,71,2 out of 5 stars,F,2.8,258,3.8,26.8,1.7,12,1342,1.1,0.5,9.3,10.3,2.9,1.3,1.4,,,,,,,,,,,
,8,RB,Keaontay,Keaontay Ingram,Ingram,2.224999905,4,5100,BAL@ARI,ARI,BAL,,,RB/FLEX,70,3 out of 5 stars,F,2.8,368,2.2,8.9,0.8,3,2318,-0.4,0.6,2.6,,,6.1,,,,,,,,,,,,
,8,RB,Jamaal,Jamaal Williams,Williams,3.5,3,5100,NO@IND,NO,IND,,,RB/FLEX,50,3 out of 5 stars,F,5,353,3.5,10.5,0.7,2,1457,6.2,2.9,,,,,1.4,,,,,,,,,,,
,8,RB,Dalvin,Dalvin Cook,Cook,3,6,5000,NYJ@NYG,NYJ,NYG,,,RB/FLEX,58,3 out of 5 stars,F,4.3,303,3,18,1.5,9,1667,7.4,-0.3,4.4,2.3,2.3,1.9,,,,,,,,,,,,
,8,RB,Jaleel,Jaleel McLaughlin,McLaughlin,7.485714504,7,5000,KC@DEN,DEN,KC,,,RB/FLEX,41,3 out of 5 stars,D,7,152,7.5,52.4,1.7,12,667,-0.2,6.5,1.5,17.9,16.4,5.2,5.1,,,,,,,,,,,
,8,RB,Tyjae,Tyjae Spears,Spears,6.950000127,6,4900,ATL@TEN,TEN,ATL,,,RB/FLEX,42,3 out of 5 stars,D,6.7,191,7,41.7,3.3,20,700,3.3,6.5,2.9,7.3,14.9,6.8,,,,,,,,,,,,
,8,RB,Salvon,Salvon Ahmed,Ahmed,4.599999905,4,4800,NE@MIA,MIA,NE,,,RB/FLEX,62,3 out of 5 stars,F,3.9,301,4.6,18.4,2.6,13,1043,1.1,5.6,,,,10.9,0.8,,,,,,,,,,,
,8,RB,Jerick,Jerick McKinnon,McKinnon,4.685714177,7,4800,KC@DEN,KC,DEN,,,RB/FLEX,52,3 out of 5 stars,F,4.9,231,4.7,32.8,2.7,19,1021,1.5,3.7,16.3,0.7,3.5,3.5,3.6,,,,,,,,,,,
,8,RB,Damien,Damien Williams,Williams,2.549999952,2,4700,BAL@ARI,ARI,BAL,,,RB/FLEX,65,3 out of 5 stars,F,3.5,411,2.6,5.1,0.5,1,1808,,,,,,4.9,0.2,,,,,,,,,,,
,8,RB,Antonio,Antonio Gibson,Gibson,4.685714177,7,4700,PHI@WAS,WAS,PHI,,,RB/FLEX,51,2 out of 5 stars,F,4.9,231,4.7,32.8,2.7,19,1000,0.4,6.8,1.9,3.1,8.4,8.1,4.1,,,,,,,,,,,
,8,RB,Rico,Rico Dowdle,Dowdle,4.03333346,6,4600,LAR@DAL,DAL,LAR,,,RB/FLEX,54,3 out of 5 stars,F,4.8,273,4,24.2,1,6,1150,2.4,4.8,12.1,2.2,1.5,1.2,,,,,,,,,,,,
,8,RB,Chris,Chris Rodriguez Jr.,Rodriguez Jr.,1.524999976,4,4600,PHI@WAS,WAS,PHI,,,RB/FLEX,73,2 out of 5 stars,F,2.1,400,1.5,6.1,0,0,3067,0.7,0,,,,2.3,3.1,,,,,,,,,,,
,8,RB,Samaje,Samaje Perine,Perine,5.32857132,7,4600,KC@DEN,DEN,KC,,,RB/FLEX,59,3 out of 5 stars,F,4.3,209,5.3,37.3,3.3,23,868,9.8,3.9,3.4,4.5,9.5,0.6,5.6,,,,,,,,,,,
,8,RB,Tank,Tank Bigsby,Bigsby,2.600000064,6,4600,JAC@PIT,JAC,PIT,,,RB/FLEX,68,4 out of 5 stars,F,3.1,318,2.6,15.6,0.4,3,1769,5.3,,7,1,0.8,1.3,0.2,,,,,,,,,,,
,8,RB,Clyde,Clyde Edwards-Helaire,Edwards-Helaire,3.300000054,7,4600,KC@DEN,KC,DEN,,,RB/FLEX,63,3 out of 5 stars,F,3.7,283,3.3,23.1,1,7,1394,3.4,2.7,12.2,1.8,0.4,2.1,0.5,,,,,,,,,,,
,8,RB,Trayveon,Trayveon Williams,Williams,0.783333302,6,4500,CIN@SF,CIN,SF,,,RB/FLEX,87,3 out of 5 stars,F,0.7,418,0.8,4.7,1,6,5625,0.7,1.4,0.4,0.4,0.5,1.3,,,,,,,,,,,,
,8,RB,Zach,Zach Evans,Evans,1,1,4500,LAR@DAL,LAR,DAL,,,RB/FLEX,76,2 out of 5 stars,F,1.7,491,1,1,0,0,4500,,,,,,1,,,,,,,,,,,,
,8,RB,Zach,Zach Charbonnet,Charbonnet,3.5,5,4500,CLE@SEA,SEA,CLE,Q,Hamstring,RB/FLEX,61,2 out of 5 stars,F,4,309,3.5,17.5,1.8,9,1286,1.1,4,5,4.5,,2.9,,,,,,,,,,,,
,8,RB,Eric,Eric Gray,Gray,0.471428565,7,4400,NYJ@NYG,NYG,NYJ,IR,Calf,RB/FLEX,94,2 out of 5 stars,F,0.4,443,0.5,3.3,0.1,1,8800,0,0,0,0,3.1,0.2,0,,,,,,,,,,,
,8,RB,Ty,Ty Chandler,Chandler,1.833333333,6,4400,MIN@GB,MIN,GB,,,RB/FLEX,82,5 out of 5 stars,F,1,348,1.6,11,0.9,6,2750,2.3,1.9,3.6,0,1.5,0,1.7,,,,,,,,,,,
,8,RB,Michael,Michael Carter,Carter,2.083333333,6,4400,NYJ@NYG,NYJ,NYG,,,RB/FLEX,56,3 out of 5 stars,F,4.7,335,2.1,12.5,2,12,2095,2.8,1.6,0.8,3.1,3.7,0.5,,,,,,,,,,,,
,8,RB,Chase,Chase Brown,Brown,0.699999988,4,4400,CIN@SF,CIN,SF,,,RB/FLEX,86,3 out of 5 stars,F,0.7,453,0.6,2.8,0.6,3,7333,,0.2,0,0.2,0.7,1.7,,,,,,,,,,,,
,8,RB,Kendre,Kendre Miller,Miller,4.474999905,4,4400,NO@IND,NO,IND,,,RB/FLEX,72,3 out of 5 stars,F,2.5,305,3.6,17.9,1.6,8,1222,,,3.9,1.3,11,1.7,0,,,,,,,,,,,
,8,RB,DeeJay,DeeJay Dallas,Dallas,0.416666667,6,4400,CLE@SEA,SEA,CLE,,,RB/FLEX,69,2 out of 5 stars,F,2.9,463,0.4,2.5,0.8,5,11000,2.3,0.3,1,0,,0.4,-1.5,,,,,,,,,,,
,8,RB,Deuce,Deuce Vaughn,Vaughn,2.099999905,4,4300,LAR@DAL,DAL,LAR,,,RB/FLEX,89,3 out of 5 stars,F,0.5,372,2.1,8.4,1.3,5,2048,0.8,4.7,,1.6,1.3,,,,,,,,,,,,,
,8,RB,Keaton,Keaton Mitchell,Mitchell,1.399999976,1,4300,BAL@ARI,BAL,ARI,Q,Hamstring,RB/FLEX,80,4 out of 5 stars,F,1.3,485,1.4,1.4,1,1,3071,,,,,,,1.4,,,,,,,,,,,
,8,RB,Ty,Ty Montgomery II,Montgomery II,1.25,4,4300,NE@MIA,NE,MIA,,,RB/FLEX,93,5 out of 5 stars,F,0.4,412,0.8,5,1.3,9,5375,2.6,0,0,,1,1.4,0,,,,,,,,,,,
,8,RB,D'Ernest,D'Ernest Johnson,Johnson,0.949999968,6,4200,JAC@PIT,JAC,PIT,,,RB/FLEX,85,4 out of 5 stars,F,0.9,404,0.8,5.7,0.4,3,5250,-0.4,2.2,2.2,-0.2,0,1.9,0,,,,,,,,,,,
,8,RB,Alec,Alec Ingold,Ingold,2.399999936,3,4200,NE@MIA,MIA,NE,,,RB/FLEX,88,3 out of 5 stars,F,0.7,386,1.2,7.2,0.4,3,3500,4.4,,0,2.8,0,0,0,,,,,,,,,,,
,8,RB,C.J.,C.J. Ham,Ham,1.450000048,2,4200,MIN@GB,MIN,GB,,,RB/FLEX,96,5 out of 5 stars,F,0.3,450,0.6,2.9,0.7,4,7000,1.7,,1.2,0,0,0,,,,,,,,,,,,
,8,RB,Deon,Deon Jackson,Jackson,1.299999952,1,4200,NYJ@NYG,NYG,NYJ,,,RB/FLEX,99,2 out of 5 stars,F,0.2,487,1.3,1.3,6,6,3231,1.3,,,,,,,,,,,,,,,,,
,8,RB,Patrick,Patrick Ricard,Ricard,2.26666673,3,4100,BAL@ARI,BAL,ARI,,,RB/FLEX,90,4 out of 5 stars,F,0.4,390,1.4,6.8,0.6,4,2929,0,,,1.9,0,0.8,4.1,,,,,,,,,,,
,8,RB,Kyle,Kyle Juszczyk,Juszczyk,3.375,4,4100,CIN@SF,SF,CIN,,,RB/FLEX,81,4 out of 5 stars,F,1.2,328,2.7,13.5,1,6,1519,0,,0.3,1.2,10.6,1.4,,,,,,,,,,,,
,8,TE,Travis,Travis Kelce,Kelce,16.75,6,9000,KC@DEN,KC,DEN,,,TE/FLEX,1,3 out of 5 stars,A+,15.7,31,16.8,100.5,9.8,59,536,,10.6,16.4,9,17.7,16.9,29.9,,,,,,,,,,,
,8,TE,Mark,Mark Andrews,Andrews,13.28333282,6,7700,BAL@ARI,BAL,ARI,,,TE/FLEX,2,3 out of 5 stars,A,10.6,58,13.3,79.7,6.7,40,579,,13,5.5,22.5,9.5,8.9,20.3,,,,,,,,,,,
,8,TE,T.J.,T.J. Hockenson,Hockenson,10.35714286,7,6500,MIN@GB,MIN,GB,,,TE/FLEX,3,3 out of 5 stars,A,10.6,75,10.4,72.5,8.4,59,625,7.5,22.1,9.8,3.4,7.6,8,14.1,,,,,,,,,,,
,8,TE,Darren,Darren Waller,Waller,8.785714286,7,6400,NYJ@NYG,NYG,NYJ,,,TE/FLEX,8,3 out of 5 stars,B,7.9,110,8.8,61.5,7,49,727,5.1,10.6,3.5,3.6,12.6,6.8,19.3,,,,,,,,,,,
,8,TE,Dallas,Dallas Goedert,Goedert,8.557143075,7,6200,PHI@WAS,PHI,WAS,,,TE/FLEX,7,4 out of 5 stars,B,8.3,120,8.6,59.9,5.9,41,721,0,5.2,6.6,3.5,21.7,6.7,16.2,,,,,,,,,,,
,8,TE,George,George Kittle,Kittle,8.442856925,7,6100,CIN@SF,SF,CIN,,,TE/FLEX,5,4 out of 5 stars,B+,8.9,122,8.4,59.1,4.6,32,726,3.4,4.5,12.5,1.4,26.2,0.6,10.5,,,,,,,,,,,
,8,TE,Taysom,Taysom Hill,Hill,5.714285714,7,6000,NO@IND,NO,IND,,,TE/FLEX,12,2 out of 5 stars,C-,7,196,5.7,40,2.7,19,1053,0.4,8.2,2.6,2.7,2.5,8.8,14.8,,,,,,,,,,,
,8,TE,Dalton,Dalton Schultz,Schultz,8.333333333,6,5800,HOU@CAR,HOU,CAR,,,TE/FLEX,10,4 out of 5 stars,C,7.1,158,8.3,50,5.7,34,699,1.4,5.4,1.4,11.7,16,14.1,,,,,,,,,,,,
,8,TE,Evan,Evan Engram,Engram,7.871428353,7,5700,JAC@PIT,JAC,PIT,,,TE/FLEX,6,3 out of 5 stars,B-,8.3,141,7.9,55.1,7.3,51,722,7.4,8.7,10.2,9.4,4.8,7.6,7,,,,,,,,,,,
,8,TE,Kyle,Kyle Pitts,Pitts,6.842857361,7,5500,ATL@TEN,ATL,TEN,,,TE/FLEX,9,3 out of 5 stars,C+,7.8,166,6.8,47.9,6,42,809,5.4,2.5,6.2,3.1,12.2,12.3,6.2,,,,,,,,,,,
,8,TE,Logan,Logan Thomas,Thomas,7.549999873,6,5400,PHI@WAS,WAS,PHI,,,TE/FLEX,14,5 out of 5 stars,D+,6.3,174,7.6,45.3,5.3,32,711,6.3,9.2,,5.8,16.2,0.7,7.1,,,,,,,,,,,
,8,TE,Jonnu,Jonnu Smith,Smith,8.150000254,6,5300,ATL@TEN,ATL,TEN,,,TE/FLEX,15,3 out of 5 stars,D,6.3,164,7,48.9,5,35,757,0,6.7,6.2,12.5,7.7,11.6,4.2,,,,,,,,,,,
,8,TE,Hunter,Hunter Henry,Henry,6.142857143,7,5200,NE@MIA,NE,MIA,,,TE/FLEX,21,4 out of 5 stars,D-,5.3,182,6.1,43,4.4,31,852,14.1,14.2,2.7,7.1,0,1.2,3.7,,,,,,,,,,,
,8,TE,David,David Njoku,Njoku,5.26666673,6,5100,CLE@SEA,CLE,SEA,,,TE/FLEX,19,3 out of 5 stars,D,5.6,238,5.3,31.6,5.2,31,962,3.4,4.8,4,7.6,,3.9,7.9,,,,,,,,,,,
,8,TE,Luke,Luke Musgrave,Musgrave,4.98333327,6,5000,MIN@GB,GB,MIN,Q,Ankle,TE/FLEX,20,3 out of 5 stars,D,5.5,245,5,29.9,4.7,28,1000,6.5,3.5,7.9,0.6,6.4,,5,,,,,,,,,,,
,8,TE,Jake,Jake Ferguson,Ferguson,5.916666667,6,4900,LAR@DAL,DAL,LAR,,,TE/FLEX,13,4 out of 5 stars,C-,6.5,216,5.9,35.5,4.8,29,831,2.1,8.6,7.3,11.2,4.3,2,,,,,,,,,,,,
,8,TE,Hayden,Hayden Hurst,Hurst,4.100000064,6,4800,HOU@CAR,CAR,HOU,,,TE/FLEX,36,4 out of 5 stars,F,3.5,270,4.1,24.6,3.7,22,1171,12.6,3.5,1.6,1.2,3.6,2.1,,,,,,,,,,,,
,8,TE,Tyler,Tyler Higbee,Higbee,4.942856925,7,4800,LAR@DAL,LAR,DAL,,,TE/FLEX,22,3 out of 5 stars,D-,5.3,223,4.9,34.6,5,35,980,6.4,2.7,9.6,8.9,3,2.8,1.2,,,,,,,,,,,
,8,TE,Mike,Mike Gesicki,Gesicki,4.199999946,7,4800,NE@MIA,NE,MIA,,,TE/FLEX,27,4 out of 5 stars,F,4.7,249,4.2,29.4,3.1,22,1143,5.1,5.8,2.3,1.7,2.7,4.3,7.5,,,,,,,,,,,
,8,TE,Tyler,Tyler Conklin,Conklin,5.450000127,6,4800,NYJ@NYG,NYJ,NYG,,,TE/FLEX,24,3 out of 5 stars,F,5.1,233,5.5,32.7,4.5,27,873,0.7,7.5,4.1,7.8,8.7,3.9,,,,,,,,,,,,
,8,TE,Kylen,Kylen Granson,Granson,5.166666667,6,4800,NO@IND,IND,NO,Q,Concussion,TE/FLEX,39,4 out of 5 stars,F,2.9,242,5.2,31,4.3,26,923,5.9,9.1,1.9,3.4,2.5,8.2,,,,,,,,,,,,
,8,TE,Noah,Noah Fant,Fant,5.079999924,5,4700,CLE@SEA,SEA,CLE,,,TE/FLEX,30,2 out of 5 stars,F,4.2,265,5.1,25.4,2.2,13,922,,7.6,6.1,7.3,,1.4,3,,,,,,,,,,,
,8,TE,Foster,Foster Moreau,Moreau,5.050000191,4,4700,NO@IND,NO,IND,,,TE/FLEX,41,2 out of 5 stars,F,2.7,294,5.1,20.2,2.2,11,922,,3,,,7.1,5.3,4.8,,,,,,,,,,,
,8,TE,Trey,Trey McBride,McBride,3.5,7,4700,BAL@ARI,ARI,BAL,,,TE/FLEX,23,2 out of 5 stars,F,5.2,271,3.5,24.5,3,21,1343,3.3,4.2,0.7,1,2.7,8.2,4.4,,,,,,,,,,,
,8,TE,Connor,Connor Heyward,Heyward,2.5,4,4600,JAC@PIT,PIT,JAC,,,TE/FLEX,37,3 out of 5 stars,F,3.5,356,1.7,10,2.2,13,2706,2.9,0,0,0,3.8,,3.3,,,,,,,,,,,
,8,TE,Durham,Durham Smythe,Smythe,3.559999847,5,4600,NE@MIA,MIA,NE,,,TE/FLEX,31,4 out of 5 stars,F,4.2,307,2.5,17.8,2.3,16,1840,5.9,3.8,2,6.1,0,0,0,,,,,,,,,,,
,8,TE,Colby,Colby Parkinson,Parkinson,3.116666794,6,4600,CLE@SEA,SEA,CLE,,,TE/FLEX,38,2 out of 5 stars,F,2.9,299,3.1,18.7,2.8,17,1484,1.3,5.1,5.3,0,,3.4,3.6,,,,,,,,,,,
,8,TE,Josiah,Josiah Deguara,Deguara,3.100000064,3,4600,MIN@GB,GB,MIN,,,TE/FLEX,42,3 out of 5 stars,F,2.4,363,1.6,9.3,1.2,7,2875,0,1.5,0,5.4,2.4,,0,,,,,,,,,,,
,8,TE,Pharaoh,Pharaoh Brown,Brown,7.400000254,3,4500,NE@MIA,NE,MIA,,,TE/FLEX,50,4 out of 5 stars,F,1.5,284,5.6,22.2,0.7,5,804,,,14.1,,0,2,6.1,,,,,,,,,,,
,8,TE,Tommy,Tommy Tremble,Tremble,4.03333346,3,4500,HOU@CAR,CAR,HOU,,,TE/FLEX,45,4 out of 5 stars,F,1.9,341,2.4,12.1,0.7,4,1875,0,0,2,,6.6,3.5,,,,,,,,,,,,
,8,TE,Irv,Irv Smith Jr.,Smith Jr.,2.066666603,3,4500,CIN@SF,CIN,SF,,,TE/FLEX,28,2 out of 5 stars,F,4.4,398,1.6,6.2,2.8,11,2812,3.2,2,,,0,1,,,,,,,,,,,,
,8,TE,Juwan,Juwan Johnson,Johnson,3.200000127,3,4500,NO@IND,NO,IND,Q,Calf,TE/FLEX,33,2 out of 5 stars,F,3.9,360,3.2,9.6,4,12,1406,5.1,2.3,2.2,,,,,,,,,,,,,,,
,8,TE,Josh,Josh Oliver,Oliver,3.2,5,4400,MIN@GB,MIN,GB,,,TE/FLEX,43,3 out of 5 stars,F,2.3,317,2.3,16,1.7,12,1913,4.7,2.3,7.4,0,0,0,1.6,,,,,,,,,,,
,8,TE,Noah,Noah Gray,Gray,4.014285769,7,4400,KC@DEN,KC,DEN,,,TE/FLEX,35,3 out of 5 stars,F,3.6,253,4,28.1,2.6,18,1100,4.6,5.3,1.4,9.9,3.1,2.5,1.3,,,,,,,,,,,
,8,TE,Brenton,Brenton Strange,Strange,3.799999873,3,4400,JAC@PIT,JAC,PIT,,,TE/FLEX,48,3 out of 5 stars,F,1.8,345,2.3,11.4,0.9,6,1913,,,1.7,0,0,9.7,0,,,,,,,,,,,
,8,TE,Mo,Mo Alie-Cox,Alie-Cox,2.820000076,5,4400,NO@IND,IND,NO,,,TE/FLEX,51,4 out of 5 stars,F,1.5,324,2.4,14.1,0.9,6,1833,0,2,,10,2.2,0,-0.1,,,,,,,,,,,
,8,TE,Adam,Adam Trautman,Trautman,2.628571374,7,4300,KC@DEN,DEN,KC,,,TE/FLEX,32,2 out of 5 stars,F,4,301,2.6,18.4,2.6,18,1654,5.9,0,0,0,10.6,0.9,1,,,,,,,,,,,
,8,TE,Tucker,Tucker Kraft,Kraft,1.5,1,4100,MIN@GB,GB,MIN,,,TE/FLEX,40,3 out of 5 stars,F,2.8,481,0.5,1.5,0.3,2,8200,,,,1.5,0,,0,,,,,,,,,,,
,8,WR,Tyreek,Tyreek Hill,Hill,22.87142944,7,9500,NE@MIA,MIA,NE,,,WR/FLEX,1,3 out of 5 stars,A+,20.5,3,22.9,160.1,10.6,74,415,39,12.5,26.2,8.7,28.1,25.3,20.3,,,,,,,,,,,
,8,WR,Cooper,Cooper Kupp,Kupp,15.33333333,3,9100,LAR@DAL,LAR,DAL,,,WR/FLEX,4,3 out of 5 stars,A+,15.3,170,15.3,46,9.3,28,595,,,,,15.8,24.3,5.9,,,,,,,,,,,
,8,WR,A.J.,A.J. Brown,Brown,17.84285736,7,8700,PHI@WAS,PHI,WAS,,,WR/FLEX,3,3 out of 5 stars,A+,15.8,14,17.8,124.9,10.7,75,489,11.4,4.9,17.6,34,15.7,16.6,24.7,,,,,,,,,,,
,8,WR,Ja'Marr,Ja'Marr Chase,Chase,16.46666718,6,8500,CIN@SF,CIN,SF,,,WR/FLEX,6,4 out of 5 stars,A+,14.1,32,16.5,98.8,12.2,73,515,6.6,5.6,20.1,10.8,44.7,11,,,,,,,,,,,,
,8,WR,Adam,Adam Thielen,Thielen,17,6,8200,HOU@CAR,CAR,HOU,,,WR/FLEX,12,4 out of 5 stars,A,12.5,30,17,102,9.8,59,482,2.2,16.9,26,11.7,22.2,23,,,,,,,,,,,,
,8,WR,Puka,Puka Nacua,Nacua,16.65714264,7,8000,LAR@DAL,LAR,DAL,,,WR/FLEX,11,3 out of 5 stars,A,12.6,18,16.7,116.6,11.7,82,479,16.9,22.6,9.7,26.8,16.6,4.6,19.4,,,,,,,,,,,
,8,WR,CeeDee,CeeDee Lamb,Lamb,12.09999975,6,7800,LAR@DAL,DAL,LAR,,,WR/FLEX,10,2 out of 5 stars,A,13.1,72,12.1,72.6,7,42,645,9.7,19.8,8.2,12.8,6.9,15.2,,,,,,,,,,,,
,8,WR,Brandon,Brandon Aiyuk,Aiyuk,13.01666641,6,7700,CIN@SF,SF,CIN,,,WR/FLEX,9,2 out of 5 stars,A,13.6,61,13,78.1,7.2,43,592,28.9,5.8,,17.8,7.8,9.6,8.2,,,,,,,,,,,
,8,WR,DK,DK Metcalf,Metcalf,11.34000015,5,7500,CLE@SEA,SEA,CLE,Q,Ribs,WR/FLEX,24,2 out of 5 stars,B,10.7,136,11.3,56.7,6.4,32,664,12.2,10.5,14.2,10.9,,8.9,,,,,,,,,,,,
,8,WR,George,George Pickens,Pickens,12.84999975,6,7400,JAC@PIT,PIT,JAC,,,WR/FLEX,29,2 out of 5 stars,B,10.3,62,12.9,77.1,8,48,574,6.1,20.7,9.5,4,23.6,,13.2,,,,,,,,,,,
,8,WR,Jordan,Jordan Addison,Addison,12.92857143,7,7300,MIN@GB,MIN,GB,,,WR/FLEX,23,2 out of 5 stars,B+,10.8,41,12.9,90.5,6.3,44,566,14.1,14.7,8.2,0,15.4,10.3,27.8,,,,,,,,,,,
,8,WR,Chris,Chris Olave,Olave,10.37142835,7,7300,NO@IND,NO,IND,,,WR/FLEX,13,4 out of 5 stars,A,12.4,72,10.4,72.6,9.7,68,702,15.2,11.6,14.4,0.9,8.2,13.1,9.2,,,,,,,,,,,
,8,WR,Garrett,Garrett Wilson,Wilson,10.81666692,6,7200,NYJ@NYG,NYJ,NYG,,,WR/FLEX,25,3 out of 5 stars,B,10.6,101,10.8,64.9,9.2,55,667,11.9,15.3,7.3,10.5,6.9,13,,,,,,,,,,,,
,8,WR,Nico,Nico Collins,Collins,14.53333282,6,7200,HOU@CAR,HOU,CAR,,,WR/FLEX,19,3 out of 5 stars,A-,11.4,44,14.5,87.2,7,42,497,11,24.1,4.4,32.3,5.4,10,,,,,,,,,,,,
,8,WR,Jaylen,Jaylen Waddle,Waddle,10.45000013,6,7100,NE@MIA,MIA,NE,,,WR/FLEX,15,3 out of 5 stars,A,12,107,10.5,62.7,6.8,41,676,9.8,10.4,,6.6,12,14.6,9.3,,,,,,,,,,,
,8,WR,Michael,Michael Pittman Jr.,Pittman Jr.,11.9857145,7,7100,NO@IND,IND,NO,,,WR/FLEX,34,3 out of 5 stars,B-,9.7,49,12,83.9,9.3,65,592,19.7,9.6,12.2,4,7.7,15.4,15.3,,,,,,,,,,,
,8,WR,Deebo,Deebo Samuel,Samuel,10.28333346,6,7000,CIN@SF,SF,CIN,O,Shoulder,WR/FLEX,90,2 out of 5 stars,F,3.8,109,10.3,61.7,5.3,32,680,8.8,19.1,22.1,0.6,10,1.1,,,,,,,,,,,,
,8,WR,Terry,Terry McLaurin,McLaurin,10.52857099,7,7000,PHI@WAS,WAS,PHI,,,WR/FLEX,22,3 out of 5 stars,B+,11,87,9.7,67.7,7.3,51,722,4.1,13.9,7.1,12.6,6.9,11.1,12,,,,,,,,,,,
,8,WR,Christian,Christian Kirk,Kirk,11.92285701,7,7000,JAC@PIT,JAC,PIT,,,WR/FLEX,18,3 out of 5 stars,A-,11.6,50,11.9,83.5,7.9,55,588,1.4,16.5,13.4,12.4,11.4,12.4,16,,,,,,,,,,,
,8,WR,Courtland,Courtland Sutton,Sutton,10.94285692,7,6900,KC@DEN,DEN,KC,,,WR/FLEX,26,3 out of 5 stars,B,10.5,64,10.9,76.6,6.1,43,633,11.2,9.1,15.1,10.2,1.8,12.6,16.6,,,,,,,,,,,
,8,WR,DeVonta,DeVonta Smith,Smith,9.471429007,7,6900,PHI@WAS,PHI,WAS,,,WR/FLEX,16,3 out of 5 stars,A,12,96,9.5,66.3,7.1,50,726,14.2,21.1,4.8,11.3,1.1,6.9,6.9,,,,,,,,,,,
,8,WR,Calvin,Calvin Ridley,Ridley,9.042857034,7,6800,JAC@PIT,JAC,PIT,,,WR/FLEX,30,3 out of 5 stars,B,10.2,102,9,63.3,6.9,48,756,20.1,4.2,5.5,10.8,17.1,4.6,1,,,,,,,,,,,
,8,WR,Tee,Tee Higgins,Higgins,6.780000305,5,6800,CIN@SF,CIN,SF,,,WR/FLEX,33,4 out of 5 stars,B-,10.1,228,6.8,33.9,7.2,36,1000,0,24.9,3.1,2.9,,3,,,,,,,,,,,,
,8,WR,Drake,Drake London,London,9.597142901,7,6700,ATL@TEN,ATL,TEN,,,WR/FLEX,32,5 out of 5 stars,B-,10.2,90,9.6,67.2,7.1,50,698,0,15.7,4.1,10.3,11.7,17,8.4,,,,,,,,,,,
,8,WR,Romeo,Romeo Doubs,Doubs,10.21666654,6,6700,MIN@GB,GB,MIN,,,WR/FLEX,44,3 out of 5 stars,C,8.6,111,10.2,61.3,7,42,657,16.6,4,15.8,14,0.9,,10,,,,,,,,,,,
,8,WR,Tyler,Tyler Lockett,Lockett,9.400000254,6,6700,CLE@SEA,SEA,CLE,,,WR/FLEX,31,2 out of 5 stars,B-,10.2,137,9.4,56.4,6.7,40,713,2,21.9,6.9,7.4,,12.4,5.8,,,,,,,,,,,
,8,WR,DeAndre,DeAndre Hopkins,Hopkins,8.516666412,6,6600,ATL@TEN,TEN,ATL,,,WR/FLEX,43,2 out of 5 stars,C,8.8,155,8.5,51.1,7.8,47,776,10,6,6.3,8.3,18,2.5,,,,,,,,,,,,
,8,WR,Amari,Amari Cooper,Cooper,9.483333588,6,6600,CLE@SEA,CLE,SEA,,,WR/FLEX,28,3 out of 5 stars,B,10.5,134,9.5,56.9,7.8,47,695,5.2,12.5,21.1,2.1,,12.8,3.2,,,,,,,,,,,
,8,WR,Marquise,Marquise Brown,Brown,10.74285671,7,6500,BAL@ARI,ARI,BAL,,,WR/FLEX,35,2 out of 5 stars,C+,9.6,67,10.7,75.2,8.6,60,607,7.2,14.4,14.6,13.1,14.1,5.4,6.4,,,,,,,,,,,
,8,WR,Zay,Zay Flowers,Flowers,10.12857165,7,6500,BAL@ARI,BAL,ARI,,,WR/FLEX,17,5 out of 5 stars,A-,11.7,78,10.1,70.9,7.7,54,644,13.2,8.8,9,6.5,9.8,14.1,9.5,,,,,,,,,,,
,8,WR,K.J.,K.J. Osborn,Osborn,7.014285496,7,6400,MIN@GB,MIN,GB,,,WR/FLEX,49,2 out of 5 stars,C,7.8,162,7,49.1,5.3,37,914,4.6,10.9,10.1,2.1,7.4,6.8,7.2,,,,,,,,,,,
,8,WR,Diontae,Diontae Johnson,Johnson,8.350000381,2,6400,JAC@PIT,PIT,JAC,,,WR/FLEX,38,2 out of 5 stars,C+,9.5,312,8.4,16.7,6,12,762,6.3,,,,,,10.4,,,,,,,,,,,
,8,WR,Christian,Christian Watson,Watson,7.933333079,3,6300,MIN@GB,GB,MIN,Q,Knee,WR/FLEX,65,3 out of 5 stars,C-,6.3,277,7.9,23.8,5.3,16,797,,,,9.5,10.1,,4.2,,,,,,,,,,,
,8,WR,Kendrick,Kendrick Bourne,Bourne,10.05714308,7,6200,NE@MIA,NE,MIA,,,WR/FLEX,45,3 out of 5 stars,C,8.4,79,10.1,70.4,7.3,51,614,21.4,4.9,6.6,4.6,5.3,14.3,13.3,,,,,,,,,,,
,8,WR,Josh,Josh Downs,Downs,9.799999782,7,6100,NO@IND,IND,NO,,,WR/FLEX,39,3 out of 5 stars,C+,9.1,84,9.8,68.6,6.7,47,622,4.5,5.7,9.7,4.4,12.7,10.6,21,,,,,,,,,,,
,8,WR,Tank,Tank Dell,Dell,10.95999985,5,6000,HOU@CAR,HOU,CAR,Q,Concussion,WR/FLEX,42,3 out of 5 stars,C,8.9,143,11,54.8,5.6,28,545,4.9,16.7,23,3.4,6.8,,,,,,,,,,,,,
,8,WR,Rashee,Rashee Rice,Rice,8.742857252,7,6000,KC@DEN,KC,DEN,,,WR/FLEX,37,4 out of 5 stars,C+,9.6,112,8.7,61.2,4.9,34,690,10.1,3,8.4,4.7,11.3,9.2,14.5,,,,,,,,,,,
,8,WR,Curtis,Curtis Samuel,Samuel,9.5,7,6000,PHI@WAS,WAS,PHI,,,WR/FLEX,47,3 out of 5 stars,C,7.9,93,9.5,66.5,5.6,39,632,8.5,4.7,6.4,14.7,15.5,12.2,4.5,,,,,,,,,,,
,8,WR,Tyler,Tyler Boyd,Boyd,6.900000254,6,6000,CIN@SF,CIN,SF,,,WR/FLEX,62,4 out of 5 stars,D,6.5,192,6.9,41.4,6.8,41,870,2,8.2,6.4,4.6,6.9,13.3,,,,,,,,,,,,
,8,WR,Michael,Michael Thomas,Thomas,8.585714068,7,6000,NO@IND,NO,IND,,,WR/FLEX,41,4 out of 5 stars,C,8.9,118,8.6,60.1,7.7,54,698,8.6,9,8,7.3,8.5,7,11.7,,,,,,,,,,,
,8,WR,Jerry,Jerry Jeudy,Jeudy,6.849999746,6,5900,KC@DEN,DEN,KC,,,WR/FLEX,46,3 out of 5 stars,C,8,193,6.9,41.1,5.7,34,855,,4,10.6,6.7,8,2.9,8.9,,,,,,,,,,,
,8,WR,Jayden,Jayden Reed,Reed,8.483333588,6,5800,MIN@GB,GB,MIN,,,WR/FLEX,56,3 out of 5 stars,C-,7.3,157,8.5,50.9,5.2,31,682,5.6,17.7,7.8,9,1.2,,9.6,,,,,,,,,,,
,8,WR,DJ,DJ Chark Jr.,Chark Jr.,7.640000153,5,5800,HOU@CAR,CAR,HOU,,,WR/FLEX,58,4 out of 5 stars,D+,6.8,205,7.6,38.2,5.4,27,763,,2,16.6,3.8,11.7,4.1,,,,,,,,,,,,
,8,WR,Elijah,Elijah Moore,Moore,5.700000127,6,5700,CLE@SEA,CLE,SEA,,,WR/FLEX,55,3 out of 5 stars,C-,7.4,224,5.7,34.2,7.2,43,1000,7.7,5.6,7.3,1,,4.7,7.9,,,,,,,,,,,
,8,WR,Rashid,Rashid Shaheed,Shaheed,8.842857361,7,5600,NO@IND,NO,IND,,,WR/FLEX,48,4 out of 5 stars,C,7.9,108,8.8,61.9,5,35,636,16.5,8.3,6,4.8,3.8,17.3,5.2,,,,,,,,,,,
,8,WR,Jauan,Jauan Jennings,Jennings,4.01666673,6,5500,CIN@SF,SF,CIN,,,WR/FLEX,78,2 out of 5 stars,F,4.7,274,4,24.1,3.5,21,1375,0,6.1,4.1,,2.4,3.6,7.9,,,,,,,,,,,
,8,WR,Michael,Michael Gallup,Gallup,4.899999936,6,5500,LAR@DAL,DAL,LAR,,,WR/FLEX,51,2 out of 5 stars,C-,7.7,249,4.9,29.4,5.3,32,1122,1.5,0.8,12.2,8.5,2.5,3.9,,,,,,,,,,,,
,8,WR,Wan'Dale,Wan'Dale Robinson,Robinson,5.720000076,5,5500,NYJ@NYG,NYG,NYJ,,,WR/FLEX,53,3 out of 5 stars,C-,7.5,251,5.7,28.6,5.4,27,965,,,4.1,7.2,4.4,10.2,2.7,,,,,,,,,,,
,8,WR,Jahan,Jahan Dotson,Dotson,5.042857034,7,5400,PHI@WAS,WAS,PHI,,,WR/FLEX,60,3 out of 5 stars,D+,6.6,218,5,35.3,5.6,39,1080,6.5,3.7,3.1,10.7,4.5,0,6.8,,,,,,,,,,,
,8,WR,Darius,Darius Slayton,Slayton,4.971428462,7,5400,NYJ@NYG,NYG,NYJ,,,WR/FLEX,63,3 out of 5 stars,D,6.4,220,5,34.8,4.6,32,1080,3,7.7,4.7,3.3,4.5,8.9,2.7,,,,,,,,,,,
,8,WR,Odell,Odell Beckham Jr.,Beckham Jr.,4.640000153,5,5400,BAL@ARI,BAL,ARI,,,WR/FLEX,57,5 out of 5 stars,D+,7.1,281,4.6,23.2,4.4,22,1174,4.7,4.4,,,2.3,4.4,7.4,,,,,,,,,,,
,8,WR,Tutu,Tutu Atwell,Atwell,9.671428135,7,5400,LAR@DAL,LAR,DAL,,,WR/FLEX,59,3 out of 5 stars,D+,6.8,88,9.7,67.7,6.1,43,557,14.9,11.7,15.2,4.9,7.9,3.5,9.6,,,,,,,,,,,
,8,WR,Nick,Nick Westbrook-Ikhine,Westbrook-Ikhine,7.359999847,5,5400,ATL@TEN,TEN,ATL,,,WR/FLEX,94,2 out of 5 stars,F,3.6,212,7.4,36.8,3.8,23,730,7.8,10,,13.6,1.4,4,,,,,,,,,,,,
,8,WR,Robert,Robert Woods,Woods,6.616666794,6,5400,HOU@CAR,HOU,CAR,,,WR/FLEX,93,3 out of 5 stars,F,3.7,201,6.6,39.7,7.2,43,818,8.7,10.4,4.9,4.1,4.5,7.1,,,,,,,,,,,,
,8,WR,Marquez,Marquez Valdes-Scantling,Valdes-Scantling,4.428571429,7,5400,KC@DEN,KC,DEN,,,WR/FLEX,70,4 out of 5 stars,F,5.6,239,4.4,31,2.4,17,1227,5.8,2.3,4.2,1.1,1.7,0,15.9,,,,,,,,,,,
,8,WR,Jaxon,Jaxon Smith-Njigba,Smith-Njigba,5.549999873,6,5300,CLE@SEA,SEA,CLE,,,WR/FLEX,50,2 out of 5 stars,C,7.7,229,5.6,33.3,5.3,32,946,2.8,5.9,1.5,2,,6.8,14.3,,,,,,,,,,,
,8,WR,Brandin,Brandin Cooks,Cooks,5.079999924,5,5300,LAR@DAL,DAL,LAR,,,WR/FLEX,54,2 out of 5 stars,C-,7.5,265,5.1,25.4,4.6,23,1039,3.2,,2.7,4.7,1.8,13,,,,,,,,,,,,
,8,WR,Nelson,Nelson Agholor,Agholor,7.116666794,6,5300,BAL@ARI,BAL,ARI,,,WR/FLEX,71,5 out of 5 stars,F,5.5,184,6.1,42.7,3,21,869,0,14.8,5.9,0.9,8.4,5,7.7,,,,,,,,,,,
,8,WR,Allen,Allen Lazard,Lazard,5.666666667,6,5300,NYJ@NYG,NYJ,NYG,,,WR/FLEX,64,3 out of 5 stars,D,6.3,227,5.7,34,3.8,23,930,5.6,3.3,5.4,13.6,4.8,1.3,,,,,,,,,,,,
,8,WR,Michael,Michael Wilson,Wilson,8.114285605,7,5300,BAL@ARI,ARI,BAL,,,WR/FLEX,61,2 out of 5 stars,D,6.5,135,8.1,56.8,3.9,27,654,2.9,7.1,9.6,23.1,2.3,7.7,4.1,,,,,,,,,,,
,8,WR,Kadarius,Kadarius Toney,Toney,3.614285605,7,5200,KC@DEN,KC,DEN,,,WR/FLEX,68,4 out of 5 stars,D-,5.9,267,3.6,25.3,3.7,26,1444,0.5,6.3,0.4,3.2,5.2,7.9,1.8,,,,,,,,,,,
,8,WR,Demario,Demario Douglas,Douglas,4.53333346,6,5200,NE@MIA,NE,MIA,,,WR/FLEX,86,3 out of 5 stars,F,4.1,254,4.5,27.2,3.8,23,1156,6,0.9,2.5,5.5,2.9,,9.4,,,,,,,,,,,
,8,WR,Treylon,Treylon Burks,Burks,4.600000064,3,5200,ATL@TEN,TEN,ATL,Q,Knee,WR/FLEX,83,2 out of 5 stars,F,4.2,325,4.6,13.8,4.3,13,1130,3.7,9.1,1,,,,,,,,,,,,,,,
,8,WR,Alec,Alec Pierce,Pierce,3.885714395,7,5100,NO@IND,IND,NO,,,WR/FLEX,85,3 out of 5 stars,F,4.1,254,3.9,27.2,3.6,25,1308,1,3.8,5.8,4.3,1.5,4,6.8,,,,,,,,,,,
,8,WR,JuJu,JuJu Smith-Schuster,Smith-Schuster,3.120000076,5,5100,NE@MIA,NE,MIA,Q,Concussion,WR/FLEX,101,3 out of 5 stars,F,2.9,318,3.1,15.6,5,25,1645,5.3,5.3,1,1.9,2.1,,,,,,,,,,,,,
,8,WR,Isaiah,Isaiah Hodgins,Hodgins,3.666666667,6,5100,NYJ@NYG,NYG,NYJ,,,WR/FLEX,102,3 out of 5 stars,F,2.8,285,3.1,22,2.6,18,1645,0.9,12,0,3.9,2.9,0,2.3,,,,,,,,,,,
,8,WR,Jake,Jake Bobo,Bobo,5.440000153,5,5100,CLE@SEA,SEA,CLE,,,WR/FLEX,79,2 out of 5 stars,F,4.5,254,5.4,27.2,1.8,11,944,,0.8,7,0,,5.3,14.1,,,,,,,,,,,
,8,WR,Donovan,Donovan Peoples-Jones,Peoples-Jones,2.283333302,6,5100,CLE@SEA,CLE,SEA,,,WR/FLEX,82,3 out of 5 stars,F,4.3,326,2.3,13.7,3,18,2217,1.7,1.2,6.4,1.2,,0,3.2,,,,,,,,,,,
,8,WR,DeVante,DeVante Parker,Parker,3.566666603,6,5000,NE@MIA,NE,MIA,,,WR/FLEX,84,3 out of 5 stars,F,4.1,288,3.6,21.4,3.8,23,1389,,8.7,2.9,4.3,3,1.2,1.3,,,,,,,,,,,
,8,WR,Ray-Ray,Ray-Ray McCloud III,McCloud III,1.428571429,7,5000,CIN@SF,SF,CIN,,,WR/FLEX,99,2 out of 5 stars,F,3.2,356,1.4,10,1.1,8,3571,0,0,0,3.2,0.6,3.2,3,,,,,,,,,,,
,8,WR,Mack,Mack Hollins,Hollins,4.066666603,6,5000,ATL@TEN,ATL,TEN,,,WR/FLEX,92,5 out of 5 stars,F,3.8,272,3.5,24.4,3.3,23,1429,4.6,7.5,2.8,0,3.9,5.6,0,,,,,,,,,,,
,8,WR,Mecole,Mecole Hardman Jr.,Hardman Jr.,0.733333349,3,5000,KC@DEN,KC,DEN,,,WR/FLEX,87,4 out of 5 stars,F,4,465,0.7,2.2,1.2,6,7143,,1.1,,,,0,1.1,,,,,,,,,,,
,8,WR,Cedrick,Cedrick Wilson Jr.,Wilson Jr.,5.03333346,3,5000,NE@MIA,MIA,NE,,,WR/FLEX,100,3 out of 5 stars,F,2.9,321,3.8,15.1,1.8,9,1316,,,,2.1,7.2,0,5.8,,,,,,,,,,,
,8,WR,Olamide,Olamide Zaccheaus,Zaccheaus,3.849999905,4,4900,PHI@WAS,PHI,WAS,,,WR/FLEX,107,3 out of 5 stars,F,2.5,320,3.1,15.4,1.1,8,1581,,,12.8,1.6,0,1,0,,,,,,,,,,,
,8,WR,Braxton,Braxton Berrios,Berrios,4.957142966,7,4900,NE@MIA,MIA,NE,,,WR/FLEX,74,3 out of 5 stars,F,5.3,222,5,34.7,3.1,22,980,5.7,3.8,4.3,14.4,2.3,3,1.2,,,,,,,,,,,
,8,WR,Skyy,Skyy Moore,Moore,4.399999891,7,4900,KC@DEN,KC,DEN,,,WR/FLEX,73,4 out of 5 stars,F,5.4,243,4.4,30.8,3.4,24,1114,0.4,14.5,6.2,1.9,2.1,3.2,2.5,,,,,,,,,,,
,8,WR,Jonathan,Jonathan Mingo,Mingo,4.159999847,5,4900,HOU@CAR,CAR,HOU,,,WR/FLEX,91,4 out of 5 stars,F,3.8,291,4.2,20.8,5.8,29,1167,2.7,4.1,3.6,,7.3,3.1,,,,,,,,,,,,
,8,WR,Rashod,Rashod Bateman,Bateman,2.96666654,6,4900,BAL@ARI,BAL,ARI,,,WR/FLEX,77,5 out of 5 stars,F,4.9,306,3,17.8,3,18,1633,5,3.3,1.1,,1.3,2.5,4.6,,,,,,,,,,,
,8,WR,Dontayvion,Dontayvion Wicks,Wicks,3.643333435,6,4900,MIN@GB,GB,MIN,,,WR/FLEX,112,3 out of 5 stars,F,2.2,287,3.6,21.9,2.5,15,1361,0,11,6.5,0,1.5,,2.9,,,,,,,,,,,
,8,WR,Allen,Allen Robinson II,Robinson II,3.899999936,6,4900,JAC@PIT,PIT,JAC,,,WR/FLEX,89,2 out of 5 stars,F,3.9,280,3.9,23.4,4.5,27,1256,8.9,2.2,4.4,1.3,5.4,,1.2,,,,,,,,,,,
,8,WR,Trenton,Trenton Irwin,Irwin,4.066666603,3,4800,CIN@SF,CIN,SF,,,WR/FLEX,119,4 out of 5 stars,F,1.6,338,3.1,12.2,2.2,11,1548,0,,,2.2,10,0,,,,,,,,,,,,
,8,WR,Terrace,Terrace Marshall Jr.,Marshall Jr.,4.849999905,4,4800,HOU@CAR,CAR,HOU,,,WR/FLEX,105,4 out of 5 stars,F,2.6,297,4.9,19.4,5.4,27,980,3.3,,6,10.1,,0,,,,,,,,,,,,
,8,WR,Jalin,Jalin Hyatt,Hyatt,4.8,5,4800,NYJ@NYG,NYG,NYJ,,,WR/FLEX,69,3 out of 5 stars,F,5.7,275,4,24,2,14,1200,0,9.9,,2,0,3.6,8.5,,,,,,,,,,,
,8,WR,Julio,Julio Jones,Jones,0.800000012,1,4800,PHI@WAS,PHI,WAS,,,WR/FLEX,120,3 out of 5 stars,F,1.6,496,0.8,0.8,1,1,6000,,,,,,,0.8,,,,,,,,,,,
,8,WR,Brandon,Brandon Powell,Powell,2.642857143,7,4700,MIN@GB,MIN,GB,,,WR/FLEX,80,2 out of 5 stars,F,4.4,300,2.6,18.5,2.3,16,1808,0,-2,1,0,7.2,3.4,8.9,,,,,,,,,,,
,8,WR,Rondale,Rondale Moore,Moore,5.628571647,7,4700,BAL@ARI,ARI,BAL,,,WR/FLEX,67,2 out of 5 stars,D,5.9,202,5.6,39.4,4,28,839,6,1.9,14.2,0,9.1,4.6,3.6,,,,,,,,,,,
,8,WR,Marvin,Marvin Mims Jr.,Mims Jr.,5.685714177,7,4700,KC@DEN,DEN,KC,,,WR/FLEX,72,3 out of 5 stars,F,5.4,200,5.7,39.8,1.9,13,825,1.9,19.3,15.1,5.7,-1.1,0,-1.1,,,,,,,,,,,
,8,WR,Jamal,Jamal Agnew,Agnew,1.883333365,6,4600,JAC@PIT,JAC,PIT,,,WR/FLEX,108,3 out of 5 stars,F,2.3,346,1.9,11.3,2,12,2421,-0.2,1,4.9,,0.1,0,5.5,,,,,,,,,,,
,8,WR,Noah,Noah Brown,Brown,4.050000191,2,4600,HOU@CAR,HOU,CAR,,,WR/FLEX,116,3 out of 5 stars,F,1.8,375,4.1,8.1,4.5,9,1122,3.4,,,,,4.7,,,,,,,,,,,,
,8,WR,Van,Van Jefferson,Jefferson,2.700000127,6,4600,ATL@TEN,ATL,TEN,,,WR/FLEX,97,5 out of 5 stars,F,3.4,316,2.3,16.2,2.7,19,2000,4.4,1.4,5.5,3.9,0,0,1,,,,,,,,,,,
,8,WR,Chris,Chris Moore,Moore,3.3,5,4500,ATL@TEN,TEN,ATL,Q,Concussion,WR/FLEX,124,2 out of 5 stars,F,1.5,313,2.8,16.5,1.5,9,1607,0,5.4,5.1,4.9,0,1.1,,,,,,,,,,,,
,8,WR,John,John Metchie III,Metchie III,2.549999952,4,4500,HOU@CAR,HOU,CAR,,,WR/FLEX,127,3 out of 5 stars,F,1.3,354,2,10.2,1.4,7,2250,,2.2,2.3,2.7,3,0,,,,,,,,,,,,
,8,WR,Samori,Samori Toure,Toure,2.139999962,5,4500,MIN@GB,GB,MIN,,,WR/FLEX,128,3 out of 5 stars,F,1,349,1.8,10.7,1.8,11,2500,2.8,1.1,2,4,0,,0.8,,,,,,,,,,,
,8,WR,Tim,Tim Jones,Jones,1.299999952,4,4500,JAC@PIT,JAC,PIT,,,WR/FLEX,123,3 out of 5 stars,F,1.6,409,0.9,5.2,1,7,5000,,0,2.1,0.4,0,0,2.7,,,,,,,,,,,
,8,WR,Brandon,Brandon Johnson,Johnson,5.700000127,6,4500,KC@DEN,DEN,KC,,,WR/FLEX,111,3 out of 5 stars,F,2.2,224,4.9,34.2,1.9,13,918,4.1,19.6,2.2,6.9,1.4,0,0,,,,,,,,,,,
,8,WR,Laviska,Laviska Shenault Jr.,Shenault Jr.,2.216666698,6,4500,HOU@CAR,CAR,HOU,Q,Ankle,WR/FLEX,115,4 out of 5 stars,F,1.8,331,2.2,13.3,1.2,7,2045,3.1,0.7,1.2,2.4,2.7,3.2,,,,,,,,,,,,
,8,WR,Randall,Randall Cobb,Cobb,0.916666667,6,4500,NYJ@NYG,NYJ,NYG,,,WR/FLEX,106,3 out of 5 stars,F,2.5,407,0.9,5.5,2,12,5000,0,0,1.7,1.8,0,2,,,,,,,,,,,,
,8,WR,Calvin,Calvin Austin III,Austin III,4.450000127,6,4400,JAC@PIT,PIT,JAC,,,WR/FLEX,104,2 out of 5 stars,F,2.7,259,4.5,26.7,3.7,22,978,6.7,1.3,14.2,4.4,0,,0.1,,,,,,,,,,,
,8,WR,Sterling,Sterling Shepard,Shepard,0.519999981,5,4400,NYJ@NYG,NYG,NYJ,,,WR/FLEX,126,3 out of 5 stars,F,1.3,461,0.4,2.6,0.9,6,11000,0,0.9,,1.1,1.8,0,-1.2,,,,,,,,,,,
,8,WR,Tyquan,Tyquan Thornton,Thornton,0.899999976,2,4400,NE@MIA,NE,MIA,,,WR/FLEX,98,3 out of 5 stars,F,3.3,474,0.9,1.8,1.5,3,4889,,,,,,1.1,0.7,,,,,,,,,,,
,8,WR,Dyami,Dyami Brown,Brown,2.339999962,5,4400,PHI@WAS,WAS,PHI,,,WR/FLEX,113,3 out of 5 stars,F,2.1,343,1.7,11.7,1.6,11,2588,0,4,0,6.1,1.6,0,0,,,,,,,,,,,
,8,WR,Marquise,Marquise Goodwin,Goodwin,1.050000032,6,4400,CLE@SEA,CLE,SEA,,,WR/FLEX,117,3 out of 5 stars,F,1.8,397,1.1,6.3,1.5,9,4000,0,0,0.1,0.5,,2.9,2.8,,,,,,,,,,,
,8,WR,Kyle,Kyle Philips,Philips,-0.449999988,2,4300,ATL@TEN,TEN,ATL,,,WR/FLEX,122,2 out of 5 stars,F,1.6,597,-0.5,-0.9,1.5,3,0,,,,,0,-0.9,,,,,,,,,,,,
,8,WR,Justyn,Justyn Ross,Ross,1.633333365,3,4300,KC@DEN,KC,DEN,,,WR/FLEX,114,4 out of 5 stars,F,1.9,414,1,4.9,0.9,6,4300,1.1,,0,,3.8,0,0,,,,,,,,,,,
